,Date,Empty Exports,Loaded Exports,Empty Imports,Loaded Imports,Total TEUs,Total Imports,Total Exports,latitude,longitude,Count of Event_Cocaine,Count of Event_Ecstasy,Count of Event_Fentanyl,Count of Event_Heroin,Count of Event_Ketamine,Count of Event_Khat (Catha Edulis),Count of Event_Lsd,Count of Event_Marijuana,Count of Event_Methamphetamine,Count of Event_Other Drugs**,Sum Qty (lbs)_Cocaine,Sum Qty (lbs)_Ecstasy,Sum Qty (lbs)_Fentanyl,Sum Qty (lbs)_Heroin,Sum Qty (lbs)_Ketamine,Sum Qty (lbs)_Khat (Catha Edulis),Sum Qty (lbs)_Lsd,Sum Qty (lbs)_Marijuana,Sum Qty (lbs)_Methamphetamine,Sum Qty (lbs)_Other Drugs**,Sum_of_Counts,Ratio_Cocaine,Ratio_Ecstasy,Ratio_Fentanyl,Ratio_Heroin,Ratio_Ketamine,Ratio_Khat (Catha Edulis),Ratio_Lsd,Ratio_Marijuana,Ratio_Methamphetamine,Ratio_Other Drugs**,Hub Portuario,Hub Portuario_name
0,2018-10,-0.8886072696752211,1.7655402537242475,-0.5050855370473012,-0.2992035841980004,-0.27297792294370155,-0.28152367164016273,-0.4533954573251909,0.0,1.4210854715202004e-14,-0.5683606161900107,-0.5247854595860197,0.13012816587160947,-0.4797118144553845,-0.9622002035735086,-0.6284874179439914,-0.5993325917216044,-0.6385869600169597,-0.6207383018966748,-0.940689243494532,-0.30388843930427684,-0.5216432797552457,-0.1427349848801099,1.4681579617029743,-0.7129193525803362,-0.6747820851937556,-0.5404449740480753,-0.690349783232634,-0.2352780085846929,1.983328878150545,-1.8725008825103675,-0.19637908733635684,-0.30216581007439053,-0.19328790323504486,0.5127378756757723,-0.3562962786963166,-0.4258347002163838,1.6286389261340026,-0.524266142646067,-0.20702722356104963,6.4048775521062105,0.0,Newark/New York
1,2018-11,-1.4197780665131368,0.27791687047260866,-0.05288780330885433,-1.1461779340325662,-1.042957271615017,-0.7806987493767998,-1.3412811310414332,0.0,1.4210854715202004e-14,-0.5683606161900107,-0.530249698024025,1.6088573235035353,-0.4499726955232025,-0.8234213280580986,-0.7490412704907928,-0.5814213929731503,-0.6283913193567634,-0.5810942150596746,-0.8168799744834785,-0.11797939804443178,-0.28664393530974386,1.696542715891066,-0.2475462534024593,-0.7528757886038145,-0.7222172223448035,-0.601119967298646,-0.6840097970656391,-0.23627791621227545,-0.9237059357692028,-1.4282503162657918,-0.03622942241099119,-0.0002539732017672332,0.12732040411969214,-0.1484228013702151,-0.8894216004932647,-0.509518134127223,-0.09700381506298998,-0.4355548417282329,-0.21068409818006198,-0.32836767416491314,0.0,Newark/New York
2,2018-12,-1.172381179316829,0.32748172842958395,-0.6723309827091779,-0.798518460596131,-0.7804596345726631,-0.5776680096505052,-1.083791937381063,0.0,1.4210854715202004e-14,-0.7583207151839981,-0.5275175788050224,0.2780010816348021,-0.48565963824182096,-0.800291515472197,-0.8695951230375942,-0.5348522762271697,-0.6029022177062727,-0.6868117799583419,-0.9038599039785857,-0.35548398002061965,-0.13455905610578672,0.7748914835987335,-0.3725392656168463,-0.7518189611716334,-0.7447657979456301,-0.30532937520211345,-0.6873148938806093,-0.24045400100982614,-1.0358690096860936,-1.7110841222557338,-0.1956427407804597,0.17913348129120363,0.3328093498397984,-0.10347029027261907,-0.8904766659252003,-0.66116160100532,1.227844483017288,-0.5035040952396763,-0.20878178461562627,-0.3972693219455223,0.0,Newark/New York
3,2019-01,-0.9996080733632229,-0.06884352249982387,-0.7450086782594733,-0.5740173444140707,-0.6452388800303828,-0.44425001596245944,-1.0085059953039863,0.0,1.4210854715202004e-14,-0.6443446557876057,-0.5056606250530016,-0.46136349718116093,-0.49160746202825734,-0.8465511406440003,-0.8695951230375942,-0.14797038326056186,-0.5927065770460764,-0.5150207369980075,-0.6554577629880542,-0.3465012210893255,0.17630608383321442,-0.39268364224592894,-0.5080912841531958,-0.6311018028448728,-0.7447657979456301,0.5340080314307821,-0.6781389014074684,-0.22612199168114278,-0.8942684400937447,-0.8863828743369634,-0.22276297932813768,0.46370140870601845,-0.3454469996223119,-0.14956969579733737,-0.20109691269846597,-0.66116160100532,0.49007981309661736,-0.44713886249410356,-0.20610377037443037,-0.45421538451904975,0.0,Newark/New York
4,2019-02,-1.1647838961646226,0.07878618137593259,6.0038467801531565,-1.2874972724222122,-1.0292098453865346,5.438340046908789,-1.1365813315760938,0.0,1.4210854715202004e-14,-0.701332685485802,-0.47833943286297553,-0.6092364129443535,-0.49160746202825734,-0.8928107658158035,-0.6284874179439914,-0.43454956323582694,-0.6029022177062727,-0.5546648238350078,-0.7424376924831615,4.237390318194912,-0.18357181310199777,-0.40301616548349234,0.469846273967203,-0.726025206894672,-0.7180192386845574,-0.40898248867183845,-0.6855753204055354,-0.22253800904737628,-0.9494383039932873,-1.1818570914770092,7.690227729253401,-0.018335721284797202,-0.38312790792576246,0.530808650959942,-0.6747689178859023,-0.5712237476080338,-0.11453574421884355,-0.4900093090131308,-0.20079699272865825,-0.44830704648526143,0.0,Newark/New York
5,2019-03,-1.2732049370377008,1.6935163195055178,-0.5013049841723359,-1.5687010074821743,-1.030424064170188,-1.070198220883201,-0.8524626125522161,0.0,1.4210854715202004e-14,-0.6253486458882069,-0.5220533403670171,0.13012816587160947,-0.48565963824182096,-0.9853300161594102,-0.8695951230375942,-0.1802105410077792,-0.50094581110431,-0.6735970843460085,-0.6993395292198201,-0.2534505256717199,0.37807924129339243,-0.3946517419102267,-0.4241978092663698,-0.6884152860172229,-0.7447657979456301,-0.017123157261903173,-0.6740682086415497,-0.2396697597332908,-1.030566394846326,-0.9807473117584149,-0.12402918162390456,0.7794888404938335,-0.37702718943853725,-0.1274304802542814,0.1375897175111755,-0.66116160100532,-0.04962564647012976,-0.4832548400799355,-0.20875100284273898,-0.5814349716675804,0.0,Newark/New York
6,2019-04,-1.1832682517467823,1.8167508198555755,-0.32999153899261185,-1.2358842124550593,-0.8229264220314556,-0.8455728381082912,-0.7333342332144073,0.0,1.4210854715202004e-14,-0.7203286953852007,-0.6695877781931577,-0.46136349718116093,-0.47376399066894814,-0.7077722651285904,-0.6284874179439914,-0.5312700364774788,-0.4346741468130343,-0.6471676931213417,-0.6499725422090835,-0.34261310170088,0.7089450528699299,-0.3592259479528666,0.022813900641686848,-0.5102753793090221,-0.6044866409819618,-0.5581418470794918,-0.628612066168701,-0.22606317358540262,-0.9520675639236841,-1.0850129508440294,-0.19085723729288825,3.245310695147791,-0.22343262987780532,-0.03201333648650793,-0.06372986034005525,-0.1894595726978756,-0.2330394043194009,-0.40850628017680035,-0.18604636716105963,-0.5215929800441915,0.0,Newark/New York
7,2019-05,-1.3046591093407613,1.9139444085055817,-0.5311864407801103,-0.27503378461303474,-0.42734834830275265,-0.26824501113304583,-0.8302008929361608,0.0,1.4210854715202004e-14,-0.701332685485802,-0.6969089703831837,-0.3134905814179683,-0.5035031096011302,-0.7771617028862954,-0.7490412704907928,-0.6208260302197492,-0.577413116055782,-0.5810942150596746,-0.6343004828405958,-0.31895137230291437,0.040005210451472935,-0.40104806581919455,-0.5804132452625288,-0.4867511171618462,-0.6995647362573371,-0.6466262122365739,-0.6669137664898676,-0.2237104497557966,-0.5329402918402686,-1.1595727689142648,-0.15981108622092874,2.172371337299827,-0.3795392499921005,-0.19988609475882824,0.24459612350582013,-0.35717584942941133,1.012032090569823,-0.4025526826971512,-0.19884542832760282,-0.08480355766037678,0.0,Newark/New York
8,2019-06,-0.9352796758314555,0.9795693909260399,-0.2981824847690071,-1.148823607827581,-0.7636149214468955,-0.7888804804972998,-0.690360660537849,0.0,1.4210854715202004e-14,-0.6253486458882069,-0.612213274594103,-0.46136349718116093,-0.49160746202825734,-0.730902077714492,-0.5079335653971899,-0.6208260302197492,-0.613097858366469,-0.6471676931213417,-0.6319496739353226,-0.30456889088970335,2.373009765318525,0.05555105629789218,0.6959660512298973,-0.44727592572047986,-0.5823285324145434,-0.6567387111116691,0.0987808324027442,-0.2402712727923934,-0.6204225940783717,-1.1077951479849037,-0.18007430507880656,4.99630185933845,1.2891866891607104,0.6881264663415405,0.2310277290378347,-0.2970210815715205,-0.42671719241327877,6.955385035846433,-0.21281468937222997,-0.18080269418987074,0.0,Newark/New York
9,2019-07,-0.43362231229821746,0.5296134147853737,-0.2073836410389889,-0.3581707204767199,-0.22887502712388466,-0.309267368643732,-0.3017668459740727,0.0,1.4210854715202004e-14,-0.5683606161900107,-0.6313381091271213,-0.3134905814179683,-0.49755528581469377,-0.7540318903003936,-0.6284874179439914,-0.6208260302197492,-0.5876087567159783,-0.6339529975090082,-0.805909532925537,-0.27064913132117996,0.28041214389527125,-0.09254844344051633,-0.5793800743895383,-0.5305658689292533,-0.7240746222934891,-0.6339855886427052,-0.6214051013120853,-0.22735717169168596,-0.8082173134734809,-1.5281433767351025,-0.16774538560904995,1.553846928959605,0.1829828811094116,-0.19844848335992848,-0.016588631415030346,-0.5915855518299719,2.8104686942987005,-0.10715633220756977,-0.19308308044309855,-0.16909498384645866,0.0,Newark/New York
10,2019-08,-0.39518621311073027,1.422361696190112,-0.1135317932180611,-0.23330836993064044,-0.058153808144280845,-0.236233310569358,-0.04707210867900886,0.0,1.4210854715202004e-14,-0.6633406656870044,-0.5329818172430276,-0.46136349718116093,-0.49755528581469377,-0.4533443266836723,-0.6284874179439914,-0.5850036327228411,-0.5978043973761746,-0.5678795194473412,-0.8505749021257273,-0.3332298063153767,1.2948336733176993,-0.38825541800125896,-0.5799999769133326,-0.6111832925976637,-0.6620348662452238,-0.5682543459545868,-0.6701997197433929,-0.2221592205108097,-0.9456181423602229,-1.5303465212698992,-0.20096394263016099,1.9922823090761639,-0.3292980389208331,-0.19931105019926834,-0.638413297247463,-0.3829709621996314,0.3907539910998384,-0.3838913464737799,-0.1990835113491712,-0.314856433368674,0.0,Newark/New York
11,2019-09,-0.7911916389759001,0.356910862841538,-0.22716559008263343,-0.8313875943545351,-0.6202342050788767,-0.589124982297972,-0.6984387528879782,0.0,1.4210854715202004e-14,-0.7393247052845995,-0.543910294119038,0.5737469131611873,-0.47376399066894814,-0.8234213280580986,-0.7490412704907928,-0.5563457147253146,-0.5672174753955858,-0.39608847648700685,-0.8153127685466297,-0.3664697281474455,0.09662363595714513,-0.36611429677790885,0.7527284589919937,-0.7467855966217541,-0.6896308937345765,-0.5899962185360415,-0.6657307725295579,-0.19163498154550113,-0.9000395609622344,-1.4078685305674585,-0.23479194724116664,0.5416892326070394,-0.36630607386172204,0.17111540373242962,-0.8584527734263775,-0.29036886586468297,-0.26769753482041736,-0.4109537726469349,-0.19630747115304417,-0.29403966171690055,0.0,Newark/New York
12,2019-10,-0.6248087711877012,1.4242010170908592,-0.35633188305735375,-0.302768517531961,-0.19402283203715584,-0.28084858417398506,-0.274456318639188,0.0,1.4210854715202004e-14,-0.37840051719602313,-0.39637585629289745,0.7216198289243798,-0.5035031096011302,-0.800291515472197,-0.7490412704907928,-0.5312700364774788,-0.3531090215314642,-0.5810942150596746,-0.5339993028822739,-0.33475614178417523,0.4193113951307781,-0.3656222718618344,-0.5804132452625288,-0.7290165658976252,-0.6678720378322119,-0.5151637268603374,-0.678444392602924,-0.2312195599786225,-0.7212950424513339,-0.686149923175395,-0.23794018790732957,0.3329584532734231,-0.36797579665030095,-0.19988609475882824,-0.7841883116561752,-0.144036414416418,0.002140766937447173,-0.5114132121103871,-0.2059190797371065,-0.372704904764847,0.0,Newark/New York
13,2019-11,-1.1083131248214302,0.6658199678038585,-0.4752407375940783,-1.1619398719808323,-0.8809310939251345,-0.8010528348307531,-0.9381514468127442,0.0,1.4210854715202004e-14,-0.7393247052845995,-0.22152022627673093,-0.46136349718116093,-0.5035031096011302,-1.0315896413312133,-0.6284874179439914,-0.5957503519719135,-0.577413116055782,-0.6735970843460085,-0.33966576671302534,-0.34097440117776273,1.2289283262636346,-0.3995719910709712,-0.5804132452625288,-0.7402058009705477,-0.56796730045242,-0.6213449650488362,-0.673184161904161,-0.24010109243538524,0.36530856911116205,-0.45340338953120307,-0.1732963334596873,0.47385705742774326,-0.3705676051579456,-0.19988609475882824,-0.21208477398817815,-0.06665981132850424,-0.11199078676072524,-0.43599457649062257,-0.21010540084978058,0.28501481019002756,0.0,Newark/New York
14,2019-12,-0.9728637432635551,-0.17194229930486032,-0.3338023950173594,-1.4345563776891785,-1.0340770105108401,-0.9761349594683698,-1.0069796115750373,0.0,1.4210854715202004e-14,-0.701332685485802,-0.37451890254087666,-0.6092364129443535,-0.5035031096011302,-0.8465511406440003,-0.2668258603035871,-0.49544763898057076,-0.572315295725684,-0.6339529975090082,-0.306754442039201,-0.36271297243900114,1.219782720002026,-0.40301616548349234,-0.5804132452625288,-0.7483702406923805,-0.2306712630576112,-0.5025231032664687,-0.677284888573877,-0.23902276068014916,-0.45117639635981216,-0.42261040994276733,-0.23520715680360144,0.9161479324308691,-0.38312790792576246,-0.19988609475882824,-0.8570421737150759,0.0303151375133092,-0.16694301631912026,-0.4620280132760983,-0.21139823531104757,-0.31496767483876237,0.0,Newark/New York
15,2020-01,-1.1994805226479084,0.5754028245776576,-0.07905230881446682,-0.6794407188561008,-0.7019058532641046,-0.49368727694466574,-1.0505402549165774,0.0,1.4210854715202004e-14,-0.701332685485802,0.04076321874751887,-0.6092364129443535,-0.5035031096011302,-0.38395488892596735,-0.5079335653971899,-0.5169410774787156,-0.4958479907742119,-0.6075236062843414,-0.28167914704962055,-0.3393277820029071,1.8906200620373776,-0.40301616548349234,-0.5804132452625288,-0.7366209467881664,-0.33331923728469265,-0.38875749092164846,-0.6130260572553203,-0.23612106795696838,-0.44278675824702146,-0.22120626521802803,-0.1949172345149725,0.3500599188094942,-0.38312790792576246,-0.19988609475882824,-0.9045716316586397,0.26119056879066244,0.4964802641675394,-0.3218949958954705,-0.20915116589027397,-0.32455255163544755,0.0,Newark/New York
16,2020-02,-1.44391896624912,0.12167140027229986,-0.4922905679171549,-1.1771412858199852,-1.0918964625900636,-0.8111290513519446,-1.4031348963037602,0.0,1.4210854715202004e-14,-0.45438455679361817,0.027102622652505858,-0.46136349718116093,-0.4797118144553845,-0.7077722651285904,-0.1462720077567857,-0.3736514874910831,-0.5927065770460764,-0.18465334668967223,-0.19078120271239135,-0.1415484055551817,0.372979354935672,-0.40203211565134345,-0.5773137326435573,-0.743262838514484,-0.14404368810821397,-0.2193731347638051,-0.6568942120049446,-0.19247804091777662,-0.19353955232778558,-0.07783520667747224,-0.11724253488812286,-0.2637940123180448,-0.3795392499921005,-0.19880788620965342,-0.8782447382736589,0.012166838735317615,0.10767539840900679,-0.30768743920035013,-0.2044138510429171,-0.22269247809143564,0.0,Newark/New York
17,2020-03,-1.748330978410118,2.3461848201811573,-0.16307459021519757,-1.8258694687433579,-1.2801415340151054,-1.240532168550076,-1.1655591395995226,0.0,1.4210854715202004e-14,-0.7393247052845995,1.14453938322457,4.418442723004195,-0.48565963824182096,-0.6846424525426887,-0.3873797128503885,0.07771072096995936,-0.5621196550654877,-0.07893578179100495,0.12579439653106195,-0.37639044830790686,1.2859729769084762,-0.35578177354034546,-0.5769004642943613,-0.7245568138415855,0.48138740025775617,0.29130805842849855,-0.5587304729565183,-0.19636003523662654,0.5467659531315726,0.5400323190004812,-0.25872106868947475,-0.41300676809616893,-0.37806156731353385,-0.1982568018400752,-0.821575526361365,1.4003668652585395,-0.09639210193246654,0.06341205378910113,-0.20711956887971156,-0.03456648417712272,0.0,Newark/New York
18,2020-04,-1.1199102237142065,-1.4745687224866169,-0.5111648417000383,-1.5441948934317407,-1.2894128147275776,-1.053732040077258,-1.4688633279549572,0.0,1.4210854715202004e-14,1.5591924925426495,0.898648653514336,0.2780010816348021,1.6734003962345958,-0.8928107658158035,-0.5079335653971899,-0.337829089994175,-0.572315295725684,-0.39608847648700685,-0.7299000449883712,-0.37403940674526925,0.07071849253874675,-0.2054681616796019,1.6078426637312835,-0.7665608082340912,-0.4821164563906549,-0.24971063138909055,-0.6845478678819656,-0.23580737144635425,-0.9717217453378826,-0.007025592725852067,-0.2586666615950594,-0.6043107664399974,-0.26305739456198945,-0.19156680256519532,-0.9581906135388526,-0.07237264700467215,-0.05803768864885898,-0.4984850867005254,-0.21364530473182114,-0.4877711283578991,0.0,Newark/New York
19,2020-05,-1.174629596449102,-1.653660494401469,-0.756682849016474,-1.9493417194988363,-1.5211125126218419,-1.342438898503537,-1.5665988522608816,0.0,1.4210854715202004e-14,1.217264314353472,4.36844006164764,0.2780010816348021,3.410164941874027,-0.6846424525426887,-0.7490412704907928,0.0633817619711961,-0.6334891396868615,-0.23751212913900588,-0.8599781377468199,-0.3745550398817224,1.1493302117038706,0.626791983860325,0.4730077768385543,-0.6477363860429317,-0.6595721877118615,0.043551835988668276,-0.6854466873931734,-0.22300463260691478,-1.0154282388027809,0.8291363992131218,-0.2586855611076983,-0.6697630280429139,0.2427938466704442,-0.1976584525364602,-0.568812085446421,-0.08821834106670377,-0.2656072466625723,-0.4414612652928716,-0.21110580846861812,-0.42095928754633033,0.0,Newark/New York
20,2020-06,-1.8430248410019505,-1.4303282145054885,0.24472532357418678,-1.993062600009674,-1.7897429835206144,-1.3452371564912609,-2.1756024772848708,0.0,1.4210854715202004e-14,2.053088749927017,3.466840719376782,0.13012816587160947,2.387139250606965,-0.5458635770272788,-0.5079335653971899,1.0735733713840054,-0.5978043973761746,2.7225796880236786,-0.7659457815358932,-0.37393505242003466,2.90078503826515,-0.38835382298447385,0.1002397258635924,-0.5596525064200443,-0.5601558296192765,1.352614815369729,-0.6770540426173718,-0.09769111114997081,-0.965495759153714,0.9040903254822862,-0.25869808003766825,-0.49689836867361403,-0.3724337072834498,-0.1979373326403197,-0.4569556592254753,-0.2473158646884245,-0.18252440799137468,-0.4326328845390942,-0.2108484870542523,-0.447897206600645,0.0,Newark/New York
21,2020-07,-1.1529264542354778,-0.9491037830521212,0.24578431179958687,-0.6024022852995684,-0.8002884447091044,-0.43760298577811385,-1.3741570882803313,0.0,1.4210854715202004e-14,4.598554076446449,2.6417407152379964,-0.6092364129443535,2.1373306515766357,-0.1526567630669509,2.747020453366449,5.236135960524731,-0.5060436314344081,1.744692212711006,-0.6546741600196299,-0.36276913961993623,4.007112787870437,-0.40301616548349234,0.010973762437216185,-0.7627036866454531,1.1243032983896242,5.898183059724971,-0.34691219097954235,-0.18734126055647013,-0.9524484920777361,1.2816229260999368,-0.258321248160835,-0.309882492792287,-0.38312790792576246,-0.19803274168511154,-0.9552015144949948,-0.24216674205349312,-0.2161374150231317,0.4488290163735686,-0.21330869115089218,-0.5190125338587982,0.0,Newark/New York
22,2020-08,-0.1927103334623602,-0.9174481022866311,-0.08892245188202721,0.31255242848825887,0.03219230135128432,0.06089681290294039,-0.41375644602571937,0.0,1.4210854715202004e-14,2.508992987512587,2.767418199312116,0.5737469131611873,3.2079389331351895,0.5874972396819018,1.17982037025803,4.311918105104501,-0.5519240144052914,0.8989516935216676,-0.5010879782084495,-0.36497899591902117,3.636251331215876,-0.3488934247153032,0.27298589582759863,0.7037548348701463,0.597614812520867,3.350338968144799,-0.6750195020220754,-0.1869883519820292,-0.9865993662606191,1.2840852083943444,-0.25811174101311535,-0.3637063717144213,-0.3584558846318366,-0.19798310274682313,0.18139643906641167,-0.13011658005165913,-0.37242476664034413,-0.4655100376000694,-0.21182918013146987,-0.6263009090973733,0.0,Newark/New York
23,2020-09,0.11716888246237497,0.2077322571546261,-0.028334217645562446,0.48658395388575726,0.3676871252685288,0.15278017581190498,0.1666450962004284,0.0,1.4210854715202004e-14,0.6283880074721107,0.19376189501166458,-0.6092364129443535,1.64960910108885,3.08551699895928,0.8181588126176258,2.6354299022492,-0.5468261940751933,1.268963170667003,0.5928217657119981,-0.3750580891142502,-0.24319518282079025,-0.40301616548349234,0.27918492106554194,-0.20576160066248858,2.476108589994347,2.6829140423885045,-0.6833338144699239,0.04675476048932954,0.3555895860515218,1.205384346246767,-0.2586785247559367,-0.56877608683057,-0.38312790792576246,-0.19658197132268299,-0.7867933365212134,0.8860522490671922,-0.2638697460976172,-0.5006286726670511,-0.19794290674654694,-0.31883712757500304,0.0,Newark/New York
24,2020-10,0.16966350561375834,0.5553639073958335,0.06289474839180513,1.1245500739141545,0.7223624899716199,0.47114673271952384,0.3030568359152579,0.0,1.4210854715202004e-14,1.7111605717378395,1.0735042835305024,-0.46136349718116093,1.0905136651638274,-0.3376952637541641,0.6976049600708243,1.0520799328858605,-0.5876087567159783,-0.07893578179100495,0.2684101367843008,-0.3521817794759176,0.8437359040340223,-0.3946517419102267,-0.26178334803226794,-0.22087542709796806,0.45754347653047805,0.817157999933443,-0.6841061985714866,-0.016160799860399255,-0.3365471889517361,0.9068960979182858,-0.25671330247357455,-0.48005770671825165,-0.3526243154896358,-0.198231768805766,-0.006597782560786748,-0.03918014444864496,-0.33756392487801457,-0.48933199085961293,-0.17175512107658797,-0.48621914413611883,0.0,Newark/New York
25,2020-11,0.2208564135832995,0.6019277680936951,0.41458256236145097,0.6718483824298863,0.5520425805900032,0.2605046688197204,0.3651454294435756,0.0,1.4210854715202004e-14,0.0015196807919518676,0.3686175250278311,-0.017744749891583127,0.07938362146963793,-0.29143563858236077,3.7114512737408605,-0.16588158200901593,-0.6232934990266652,-0.30358560720067296,0.5599104410381737,-0.2542081073804742,-0.45790324757931905,-0.3385609014777398,0.877808257559712,-0.32572644115617094,1.1769464291310565,-0.300273125764566,-0.6751654716780927,-0.17709710888172722,-0.343507525171007,0.7004696336952303,-0.22538900242396737,-0.6682388139684189,-0.3243636342620479,-0.17918149803584163,-0.23524709914564426,-0.32105947331114404,-0.38737639170670957,-0.3410363877869579,-0.19635389205247908,-0.5535752819307166,0.0,Newark/New York
26,2020-12,0.4583365978488454,-0.8376796590121239,0.29263116848857335,0.12058413159913474,0.24529798787214474,-0.029774040214895416,0.2515589971831825,0.0,1.4210854715202004e-14,1.8631286509330294,0.40686719409386757,-0.46136349718116093,0.8526007137063711,-0.8234213280580986,-0.025718155209984255,0.11353311846686749,-0.6283913193567634,-0.27715621597600615,0.5426711757328371,-0.03543110607312463,-0.5891327255885791,-0.3995719910709712,0.1333011937992878,-0.5586822552464318,-0.043889565560486704,-0.05757315276228274,-0.6821046220169436,-0.22831786725544173,-0.423308644461332,0.8082660896912864,-0.2299345378593079,-0.71037389958368,-0.3705676051579456,-0.19553038443268814,0.09805892060814876,0.012199283848375788,-0.37084343385083435,-0.4084591930801043,-0.21217057797622005,-0.5786157928190073,0.0,Newark/New York
27,2021-01,0.353513024387404,-0.3684592165952115,-0.2715432455156923,0.4135588729504761,0.3709284720215018,0.1097015327976501,0.2613748187016535,0.0,1.4210854715202004e-14,1.597184512341447,0.41233143253187277,-0.6092364129443535,0.13886185933400202,-0.5921232021990822,2.747020453366449,0.07054624147057773,-0.6080000380363708,0.5817989988256657,1.138209431735373,-0.28648674172244115,-0.5568239483279408,-0.40301616548349234,-0.35600853164899876,-0.4828533942933276,1.3549274279622268,-0.08791064938756821,-0.6801077336815299,-0.21733848938394695,-0.3593959579063641,1.086875273521443,-0.2504210664859298,-0.7015909040562972,-0.38312790792576246,-0.196994898501041,-0.2043714830263741,-0.190467035054631,-0.3673873250737797,-0.43949014228294153,-0.21370624007814906,-0.6384744336890346,0.0,Newark/New York
28,2021-02,-0.7246148243118598,-1.727620555884143,0.05350031847752361,-0.42085973683995176,-0.6185980967178522,-0.33836377190389905,-1.138037266825245,0.0,1.4210854715202004e-14,1.673168551939042,0.22108308720169062,-0.3134905814179683,1.1975744933196828,-0.407084701511869,0.9387126651644272,0.4502636549378039,-0.48565235011401564,-0.33001499842533977,1.236943405756846,-0.17309840116742262,-0.5925516438172181,-0.3174038300865386,0.9391744747318534,-0.7583091951760449,1.3856771387210962,0.584570525806256,-0.6688257296891775,-0.22939619901067784,-0.21297357113450205,1.1870711220545451,-0.24031824556936224,-0.6934771905000616,-0.22702128781146727,-0.1924929519423886,-0.9444514682515381,0.2940140417826635,-0.19651730713599877,-0.4741016013382898,-0.21198202755546205,-0.6110857086811499,0.0,Newark/New York
29,2021-03,1.0169854187980127,1.3702798727900092,0.08972411435101348,0.901596004273247,1.075710446004446,0.3640078226335197,1.3414439453058549,0.0,1.4210854715202004e-14,0.26746381938353436,1.428679782000841,-0.017744749891583127,0.055592326323892285,-0.29143563858236077,0.45649725497722143,0.7440073144124506,-0.5468261940751933,0.595013694437999,0.24411844476314476,-0.3522434712976004,-0.12643912531276855,-0.2780418368005828,-0.4828819148522284,-0.6887914449337619,-0.10605687173110237,0.5036705348054954,-0.6576051853194743,-0.2245535091280721,-0.7899019580511872,0.8350437748078768,-0.2538624487042937,-0.6839234757408816,-0.26918801853199525,-0.19844236586461403,-0.8325462958589764,-0.27066712683791183,-0.3532731845123132,-0.40083341961726915,-0.21441671461599707,-0.6729075577750556,0.0,Newark/New York
30,2021-04,0.11177268134491987,0.8835374786344004,0.16607820212950475,0.14165983810179494,0.2836179094850701,-0.02272343976969147,0.32522462422491355,0.0,1.4210854715202004e-14,-0.37840051719602313,0.18829765657365938,-0.6092364129443535,-0.4440248717367661,1.5126897431179678,-0.1462720077567857,0.9804351378920443,-0.4958479907742119,2.1675624723056752,1.0802228120719681,-0.3259657324282472,-0.24849450607518084,-0.40301616548349234,-0.5601630961519155,-0.12229014584954372,-0.343746654618992,0.8768723057908798,-0.672245150681042,-0.17765588079125866,-0.18812573819543432,1.1234713929318594,-0.23352294362683798,-0.5693072121732038,-0.38312790792576246,-0.19706837641698474,-0.6392182008060202,-0.21167324414205763,-0.29856252692793295,-0.47981156271790154,-0.21329653877296034,-0.5858409569153453,0.0,Newark/New York
31,2021-05,0.915569972358122,2.1214004448372186,0.05392929228046078,0.9746435061728927,1.1468863047038564,0.39870487989527215,1.4230232849115207,0.0,1.4210854715202004e-14,0.07750372038954688,1.2647526288606845,-0.46136349718116093,0.6146877622489147,2.9467381234438697,-0.2668258603035871,1.4246328668537052,-0.23076133360910894,2.8018678616976787,0.9078301590186025,-0.2695791925630397,-0.5434098226578755,-0.39760389140667346,-0.3688735753594761,0.06621920832458233,0.8529358670055736,1.2722204493127227,-0.5762060051036887,-0.1887921069180605,-0.1795534244530351,1.3348364518349067,-0.2320435216030697,-0.7441383420358213,-0.36339028929062167,-0.1983204135955201,-0.6933464189266393,1.4878080172904393,-0.3059829868482742,-0.41247362232707213,-0.21419266482865187,-0.5592809461495646,0.0,Newark/New York
32,2021-06,0.5536221491596973,0.04287102062976495,-0.252027329888398,0.7583708839126158,0.6602418222011499,0.28550605580059,0.5597006478180551,0.0,1.4210854715202004e-14,0.7803560866673007,1.0571115682164869,0.2780010816348021,3.9692603777990496,2.206584120695017,0.2153895498836186,0.5219084499316202,-0.04723980172557611,0.3307197821913308,0.848276333418349,-0.3374171770776566,-0.17008731469839297,-0.2490123667521905,0.12999504700571957,0.9998575807273385,1.7177828473082497,0.40760179549209213,-0.12834433852475943,-0.22588671929818216,-0.2635031692495451,1.3416463281190152,-0.2533585932073565,-0.666877473080737,-0.2895237468227464,-0.19857159795313212,-0.2652154273839997,1.178961599546293,-0.31206685892556285,-0.12884514956043697,-0.21415534701928302,-0.575306689763429,0.0,Newark/New York
33,2021-07,0.6243407848568719,-0.13409101129474835,0.23478600275020234,0.9192188822637694,0.7570706252026611,0.376768492469311,0.5869407266731421,0.0,1.4210854715202004e-14,3.1928493438909418,1.0571115682164869,0.13012816587160947,2.529887021481439,3.640632501020919,-0.5079335653971899,0.7655007529105955,-0.26134825558969776,0.8064488242353336,1.1005964892510023,-0.042634623759169536,-0.5227487299825054,-0.23031541994136148,-0.022914242196870944,-0.3627452551647731,-0.4691042657011917,0.7059205123073972,-0.5627036898330389,-0.22363202562814308,-0.02228287339793323,1.4342795683704233,-0.23990798164283,-0.7328722936070747,-0.25716601445422765,-0.1983650455218747,-0.8503551573986228,-0.043202826513413096,-0.2858087574819541,-0.3887663417501277,-0.21457223759711463,-0.5438363931213541,0.0,Newark/New York
34,2021-08,1.205142431446118,-0.83816369082811,-0.24618913992527916,1.0486102676114843,-4.198897110144611,0.42796960194849154,0.9924186935617525,0.0,1.4210854715202004e-14,0.5713999777739144,1.1882532907286119,1.017365660450765,0.1269662117611292,2.7616996227566566,-0.6284874179439914,0.5505663679291467,-0.35820684186156226,0.5289402163763319,1.4062016469365142,-0.12568532042158384,-0.4122037072565113,-0.355289748624271,-0.48825440339177884,0.19739716699699997,0.17261832440210548,0.37726429886680635,-0.5976687943669599,-0.2254945986599145,-0.07120983762845551,1.3671157636604032,-0.21802799049817612,-0.7186478749905735,-0.3673051888546166,-0.1986763312042824,-0.6362362584238794,2.423629900561423,-0.3367953622268512,-0.3942940581677903,-0.2144227082300602,-0.5948912556749867,0.0,Newark/New York
35,2021-09,0.44482242750644685,-1.2247114990745989,-0.09539162604383028,0.5883975530650977,0.4031772997161603,0.20322407493632755,0.14426596245137843,0.0,1.4210854715202004e-14,0.07750372038954688,1.5270360738849347,0.5737469131611873,-0.27748580571654663,0.4487183641664919,-0.1462720077567857,0.42877021643965907,-0.271543896249894,0.4496520427023315,0.46587808482724696,-0.09528874702767103,-0.09480273530376225,-0.3587339230367922,-0.5366068002477329,-0.5692923250034133,-0.6293305992326605,0.27613931011585524,0.04084743423763484,-0.21196643663967987,-0.26846479124624756,0.9322965704308162,-0.18825241685967975,-0.6845260297554663,-0.36294170704891404,-0.19828202309268747,-0.7936459485496412,-0.5317743169887711,-0.3337367965742502,0.29258153301611695,-0.21286176869468965,-0.5074394495680984,0.0,Newark/New York
36,2021-10,1.202704673923759,0.7459756365311545,0.1514300492217607,1.0221311086969718,1.1469994945904682,0.4243006238784834,1.3742729368915545,0.0,1.4210854715202004e-14,-0.07446435880564314,-0.041200357822559194,-0.3134905814179683,-0.40833792901814764,1.0732233039858363,-0.3873797128503885,0.12786207746563075,-0.27664171657999215,0.5025108251516651,2.2093946895715133,1.0391047670182203,0.357916740859698,-0.3980959163227479,-0.12574367284386687,-0.014941556001050946,3.8161252368897896,0.1446768247396193,-0.6061958591756114,-0.21235855727794756,1.3031436911904875,1.442560535994521,0.1679014158862637,-0.2221432093647942,-0.3741562630916076,-0.16034531203779037,-0.5088723049314015,7.007053686951902,-0.2417351417440298,-0.43265563788292977,-0.21304171431563956,-0.41211214663058393,0.0,Newark/New York
37,2021-11,0.7719789540265426,0.5431663056329842,-0.09389495480239597,0.6530596142924083,0.7630388192240082,0.23599176571743413,0.8977124538871265,0.0,1.4210854715202004e-14,-0.18844041820203564,0.589919181767042,-0.6092364129443535,-0.11094673969632717,0.8650549907127215,-0.3873797128503885,0.5577308474285283,-0.10841364568675371,2.6961502967990114,2.176483364897689,-0.046494015015726635,1.1658549831422933,-0.40301616548349234,-0.5312343117081824,1.5707891959396827,-0.33613780923479597,0.5466486550246508,-0.42318829532390684,-0.19153695138593418,0.5542840596061206,1.5842030765620299,-0.14185472527564466,-0.28559183766948204,-0.38312790792576246,-0.19884927199234903,0.5955246211749434,0.025863668001726285,-0.26649284044470756,-0.3173855079488188,-0.2142344535477806,-0.5451896598039415,0.0,Newark/New York
38,2021-12,1.05726758678884,-0.620349373634371,0.327006253712331,0.8834126021736115,0.879963972093952,0.36222887686664634,0.898534352818099,0.0,1.4210854715202004e-14,0.02051569069135062,-0.516589101929012,0.5737469131611873,-0.42023357659102045,0.3561991138228853,0.33594340243042004,0.1923423929600654,-0.33781556054116973,2.656506209962011,2.1670801292765964,0.564989919633105,-0.8212202913426895,-0.31543573042224077,-0.5671886580882508,0.8773133648059593,1.3500592216631544,0.18007057080245198,-0.6261302401670936,-0.21694636874567927,0.9148673150023292,1.421767422111427,-0.0065854320572072324,-0.6713453725476196,-0.3432040884137732,-0.19857170719411987,0.5222672106089948,0.7476481353613832,-0.262649291722239,-0.4413744469784807,-0.21515143877227197,-0.47779539551047195,0.0,Newark/New York
39,2022-01,0.9443970467487374,-1.1501705994127416,-0.24096426479500874,1.0149564001003215,0.8212801608806026,0.4117985166948427,0.6580232427889597,0.0,1.4210854715202004e-14,-0.41639253699482065,-0.2870910875327934,-0.6092364129443535,-0.253694510570801,0.772535740369115,0.5770511075240229,0.15651999546315726,-0.4550654281334268,3.3700997730280156,3.3048716394288093,-0.315022125033347,-0.3065990213709005,-0.40301616548349234,-0.5444588988824605,0.30583840893639186,-0.08289756224505049,0.07894558205150083,-0.5990098447982298,-0.1978893057258705,2.465970782794605,1.8050137725011322,-0.22521687976404314,-0.3892491713047867,-0.38312790792576246,-0.19869493102831132,-0.2110828413477789,-0.29022910230074,-0.30462149638031244,-0.33334225110284804,-0.21473223005212352,-0.3655986194945192,0.0,Newark/New York
40,2022-02,1.0574805947276869,-0.8482315526006207,5.639063289863077,0.7307482558155122,0.7615776406877474,4.642927566462591,0.8434671244429446,0.0,1.4210854715202004e-14,0.15348775998714187,-0.4346255253589339,-0.6092364129443535,-0.27748580571654663,-0.01387788755154102,1.0592665177112286,0.2998095854507898,-0.29193517757028653,2.299709428429009,2.9546011125431075,-0.14828601187150278,0.36613012208429857,-0.40301616548349234,0.6531927770880919,1.474541473672608,4.369547812761221,0.16742994720858353,-0.4088512817057664,0.1608422601933083,0.85290400126286,1.690796007054758,-0.20597821534003044,0.3996580215407184,-0.38312790792576246,-0.1547148313302417,1.764475664245094,1.4885092372964084,-0.3305217461673285,-0.19476806677102737,-0.19943303617108846,-0.5634352875133198,0.0,Newark/New York
41,2022-03,1.7500404065652795,0.6489756606075427,-0.44556250081474613,2.018541186021144,1.8200985903118125,0.8694022614618844,1.8938069925725423,0.0,1.4210854715202004e-14,-0.5303685963912131,-0.6695877781931577,-0.3134905814179683,-0.4440248717367661,0.1017711753779672,2.988128158460052,-0.452460761984281,0.3198032620414895,-0.29037091158833955,2.9263914056798295,-0.2757499093537483,-0.14809227409414907,-0.341021026058112,1.3162818433733752,4.589053174375475,0.9285837403841812,-0.44159529754402055,-0.21040504599394472,-0.13427165337332353,1.2843345719356498,1.582956249580285,-0.18298432215086907,1.1356898817989045,-0.27008518301541073,0.06403060585118585,4.9131615738621335,-0.3094867743675287,-0.14121538157133579,-0.31523812567352655,-0.184363373728446,-0.4963082422733849,0.0,Newark/New York
42,2022-04,1.2245734889787088,0.09601771402503727,0.04876920437708007,1.495729138968984,1.3021931191248775,0.6446084707996846,1.2383073708821115,0.0,1.4210854715202004e-14,-0.6823366755864032,-0.729694401011215,-0.3134905814179683,-0.4797118144553845,-0.6152530147849838,1.3003742228048314,-0.5814213929731503,0.48803133293472795,-0.5546648238350078,2.047188875107665,-0.2658773149526893,-0.23351764986477522,-0.40006401598704566,0.8047382807383338,-0.40021438513346025,1.337820124994291,-0.524163850859172,-0.3522226491092904,0.2699498277912877,0.9961158988205726,1.2387841253763645,-0.09218675032982668,2.1985883955562877,-0.3777449210252695,0.2819581178103972,0.06459191112960419,0.11693768270423185,0.8154030218954549,-0.40032185832701755,0.1858097620267916,-0.4474155463309704,0.0,Newark/New York
43,2022-05,1.7609748140927541,0.5815984318222794,-0.4635521003613218,1.6474069628950438,1.6471032836102817,0.7042909293018353,1.8883120111483265,0.0,1.4210854715202004e-14,-0.2074364281014344,-0.11496757673562945,6.0450447963993135,-0.02767720668621744,0.12490098796386885,0.09483569733681717,0.6329578821720354,0.6256724818473776,-0.34322969403767317,-0.02387377043799642,-0.2888966207090418,-0.2802448600251416,-0.11075336533527086,-0.5101576258991769,0.38434576020631206,-0.5385034819657176,0.35703930111661714,-0.14504401924163587,-0.04837370635440755,0.6008626726561493,0.4716433323147095,-0.2268963460072806,-0.4801523439681523,-0.35944276556359356,-0.19866412506976347,0.2772732574021247,-0.48776742948860197,-0.3744549321339882,-0.34391458854564344,-0.15093403856811857,0.09974485977064078,0.0,Newark/New York
44,2022-06,1.966148794299852,-0.2614881852622864,-0.26262429338300797,1.9698428514213806,1.7978310526183725,0.8508924660588054,1.887372698084358,0.0,1.4210854715202004e-14,0.6473840173715094,0.05715593406153448,0.5737469131611873,-0.3250683960080379,0.9344444284704264,1.6620357804452357,1.0305864943877157,1.0385959285853263,1.1896749969930027,0.011388363141101102,-0.22491768983404772,-0.7605344927843474,-0.37152657085472773,-0.5494181190728147,3.1095597910775687,0.20235231015407132,0.7438423830890045,-0.24990673506976488,-0.2209459992560095,0.6269642520115435,0.6841835550014266,-0.235466998361346,-0.7389684503975705,-0.36877327619111466,-0.1984484833599285,1.5311743721024147,-0.3578497094698505,-0.35431260187355135,-0.41571851817010036,-0.2146995804532115,0.08485101408309277,0.0,Newark/New York
45,2022-07,1.2066098194692858,-1.6187133972872736,-0.17167006967825615,1.1215456646893074,0.9356739762863199,0.46444697896685727,0.8045325979414495,0.0,1.4210854715202004e-14,0.0015196807919518676,-0.10677121907862165,-0.6092364129443535,-0.22990321542505535,-0.3376952637541641,0.33594340243042004,-0.3772337272407739,0.5644986378861999,-0.2639415203636727,0.2253119735209594,-0.2351837000412411,0.525387321912236,-0.40301616548349234,-0.12883492009585437,-0.2862548321806764,-0.4975367726079945,-0.36726843081207144,4.535518955271053,-0.1606378450904417,0.17132115336728537,0.44256835536801,-0.22017451026720056,-0.08430465183550219,-0.38312790792576246,-0.1862262862755435,-0.1208796806764975,-0.4948953712496923,-0.18431921538895468,1.3295109762770694,-0.1935339428812715,-0.2550803872626331,0.0,Newark/New York
46,2022-08,1.8718572800369522,-0.337481180372102,-0.21074667163537086,1.6989303390047388,1.6253502454014406,0.7315632163362888,1.7753830980327112,0.0,1.4210854715202004e-14,0.6093919975727119,-0.2870910875327934,-0.3134905814179683,-0.03957285425909026,1.9058965570782957,0.09483569733681717,0.46101037418687635,0.10569480817736791,-0.07893578179100495,-0.42821290214498137,-0.11241427395701825,-0.7158743036030457,3.631588146326972,-0.43383935985311683,4.030380518545375,-0.2834032372651206,-0.03947177977586296,1.9701804610040703,-0.15708876119348103,0.53010488392753,0.07771436196168491,-0.21699760079223687,-0.6620981268986303,6.9736208560812525,-0.19727133765704477,1.11897955434521,-0.2733177110636435,-0.4953782968091157,0.9850163284475277,-0.19941250553861928,0.54540305711194,0.0,Newark/New York
47,2022-09,2.110899522520709,-0.8984740550999765,-0.1995810460260453,1.5801664907658122,1.6153483754208382,0.6780005129560188,1.8764766665423231,0.0,1.4210854715202004e-14,0.47641992827692065,0.024370503433503256,-0.6092364129443535,-0.4559205193096389,0.26367986347927874,0.8181588126176258,0.013230405475524717,-0.20017441162852012,-0.2639415203636727,-0.632733276903747,0.1807833827007449,-0.7865695550954332,-0.40301616548349234,-0.567808560612045,0.05101880563053444,-0.49818621314949296,-0.10965252196902316,0.3350775273445311,-0.23454474299113234,-0.47464871578481016,-0.32451156287037525,-0.161500171301628,-0.7470444983150119,-0.38312790792576246,-0.19769373737550613,-0.17230574487090003,-0.5427119805636728,-0.347101010180803,0.4438084174343225,-0.21401070248291873,-0.025006026045022382,0.0,Newark/New York
48,2022-10,1.688670452628608,-0.02121479180679293,-0.15720851619446743,0.661557159786566,1.1042342974306083,0.23888548769583448,1.6703444146544317,0.0,1.4210854715202004e-14,-0.22643243800083315,-0.7460871163252305,0.2780010816348021,-0.42023357659102045,1.0500934913999347,-0.1462720077567857,-0.4667897209830442,-0.2817395369100903,-0.4753766501610073,-0.4760126832188691,-0.33286241770565383,-0.37980945704015684,-0.07975579562258074,1.3529800727819965,0.82334088930565,-0.2875596567307108,-0.5748274702233986,-0.46894790231415,-0.16651573345807413,0.42976708405174946,-0.5802689770237617,-0.2424661193190475,2.1706998737164525,-0.18664888605777022,-0.007726740259609704,0.005714181720788003,-0.14869519988118293,-0.5133691378656835,-0.27309170185133314,-0.17657173746634583,0.5529497921377062,0.0,Newark/New York
49,2022-11,0.8698442681523182,-0.23554407992543214,-0.09190293287321638,-0.07373836654826527,0.3892961036216822,-0.14689728698265223,0.8059180847108031,0.0,1.4210854715202004e-14,-0.15044839840323815,-0.5603030094330536,-0.6092364129443535,-0.43212922416389327,0.4487183641664919,1.5414819278984344,-0.4309673234861361,-0.04723980172557611,-0.5282354326103409,-0.4101900338712204,0.1999535791708205,-0.7299579674262193,-0.40301616548349234,1.5354380489521138,0.5748696543556807,0.7044997368406843,-0.5733105953921344,-0.37499740719454466,0.276447266767383,0.35939174743962804,-0.3815720041595403,-0.0657960383558814,-0.5201305506364928,-0.38312790792576246,0.045456666577401224,0.17603761752003316,-0.17383225920450493,-0.5599347186154184,-0.30424175921148006,0.1327692494250563,0.38209341063479313,0.0,Newark/New York
50,2022-12,-0.48417619645121784,-0.9369061812892717,0.11342120464020881,-1.1064928271073444,-0.7431995818980115,-0.7500970599821831,-0.7076675037414689,0.0,1.4210854715202004e-14,-0.45438455679361817,-0.6531950628791421,-0.6092364129443535,-0.40833792901814764,0.5874972396819018,1.5414819278984344,-0.567092433974387,-0.1797831303081276,-0.6339529975090082,-0.5763138631771909,-0.16718212477559463,-0.6250085742010977,-0.40301616548349234,-0.18578329861508908,0.6186354457561732,0.6550954959678131,-0.6355024634739693,-0.46555089686999784,-0.12354323271032008,-0.38934449315258435,-0.7434566385648707,-0.13269989006183663,-0.11816463153246491,-0.38312790792576246,-0.1655667166385942,0.11526888480005787,-0.19044490582367335,-0.5750882122209111,-0.32437916526909966,-0.03009359300479581,-0.017447642365403134,0.0,Newark/New York
51,2023-01,-0.4006770844232284,-0.026635948145837102,-0.3382671552865558,-0.6494414685363569,-0.4096084060737829,-0.4820120920320215,-0.40401107298704464,0.0,1.4210854715202004e-14,-0.6063526359888082,-0.6695877781931577,-0.3134905814179683,-0.4678161668825117,0.03238173762026227,0.09483569733681717,-0.5312700364774788,-0.1491962083275388,-0.6868117799583419,-0.675047837198664,-0.3652558418053788,-0.6618360217205873,-0.18416348281357836,-0.15743308986023055,0.42095497895023826,-0.2550876296557875,-0.60364809201742,0.05967957095974931,-0.17142116264280272,-0.4177394111424666,-0.9807473117584149,-0.24763427183822476,-0.12890439971249648,0.015930854297447356,-0.1017930769739027,0.4231405200249743,-0.2495142290796104,-0.4820537032972555,0.11155917335821398,0.11636608239302183,0.10668589615815727,0.0,Newark/New York
52,2023-02,-0.9854312116555228,-1.3409759412744569,-0.5532144293553858,-1.4491300045261244,-1.1736710106722112,-0.9904938864455073,-1.3030276065113153,0.0,1.4210854715202004e-14,-0.5683606161900107,-0.7023732088211889,-0.6092364129443535,-0.4678161668825117,0.17116061313567216,1.0592665177112286,-0.5097765979793341,0.8499765763716954,-0.5018060413856741,-0.5089240078926934,-0.32393398440837884,-0.473641667825154,-0.40301616548349234,3.553716685921536,0.08070478966167771,0.43009811924675306,-0.4833093554037878,0.9391709220945016,-0.03219873002586614,0.5469055830678244,-0.4482249172157839,-0.2136471411647945,0.6778640839850311,-0.38312790792576246,0.7588569471674077,-0.08311946798683675,-0.16733762109253106,-0.004084590536992572,-0.05880880313984066,-0.09255365791475728,0.7221427749871361,0.0,Newark/New York
53,2023-03,-1.3167768943062745,0.5208040357344269,-0.4139886298521059,-1.4978283391258882,-1.1399712944309839,-1.0203515228496092,-1.180165457744233,0.0,1.4210854715202004e-14,-0.3404084973972257,-0.5548387709950484,0.2780010816348021,-0.42023357659102045,-0.06013751272334431,0.5770511075240229,-0.5455989954762421,0.2688250587405082,-0.5546648238350078,-0.22682693925991326,-0.27673820619861683,-0.7158663261271789,0.10416311800604756,-0.5741315663547467,-0.40222522322730175,0.6569866668246568,-0.3139249992459446,1.238169422412121,0.12524554865136908,0.2163547058353649,-0.16924639555473683,-0.2126406008788851,-0.507125099266012,-0.0748621914242002,-0.19926176066559176,-0.4974852866059172,0.1244260979906584,1.4469267601987925,0.37566779450160287,0.07221578554075411,0.05880906042874642,0.0,Newark/New York
54,2023-04,-0.228022316213426,-0.22276563998339943,0.07177913791302469,-0.7174442534539828,-0.3784091573277062,-0.5119575658660636,-0.28028005963579283,0.0,1.4210854715202004e-14,-0.18844041820203564,-0.47287519442497034,-0.3134905814179683,-0.4559205193096389,0.03238173762026227,-0.8695951230375942,-0.2590198155009771,0.16686865213854551,-0.4753766501610073,-0.40392121012382526,-0.15515866496165684,-0.6970109920962348,0.7089601448447577,-0.5737596248404702,-0.2781393528257583,-0.7447657979456301,-0.49999497854769476,0.19890258663630325,0.027125201337649802,2.09077072890086,-0.2935629387534679,-0.18039927060212052,-0.5611156986867893,1.6444638245932446,-0.19872881758271396,-0.3915281267374684,-0.66116160100532,-0.5642446974043144,-0.06011890627788595,-0.07523198476674617,1.6962596295636545,0.0,Newark/New York
55,2023-05,-0.2740083634555982,-0.17900916381825718,-0.5888595888528267,-0.03400841769431432,-0.0918432343958162,-0.13471295949647524,-0.3152929540952194,0.0,1.4210854715202004e-14,-0.41639253699482065,-0.10677121907862165,-0.017744749891583127,-0.3250683960080379,-0.06013751272334431,0.8181588126176258,-0.4309673234861361,0.22804249609972313,-0.6339529975090082,-0.5292976850717276,-0.3198526253635578,-0.469840970394317,1.2418231289533839,-0.5668580434088938,-0.24697990058154362,0.8989422349653249,-0.4979724787726757,-0.19220672231318922,-0.241171581777856,-0.22703279924068304,-0.34263937868387556,-0.2278649103319335,-0.5780590935138566,1.1164825261032287,-0.1992573793737094,-0.3001283902994597,0.12842766193450103,-0.3614406045742445,-0.2842376328592812,-0.21477191761949666,0.07031602518729402,0.0,Newark/New York
56,2023-06,-0.7199286496572277,-1.0682724161478956,-0.00029187773695154364,-0.5889048647521201,-0.6248544104505748,-0.43780106024208654,-0.9734461351913613,0.0,1.4210854715202004e-14,-0.26442445779963064,-0.1778063187726893,-0.3134905814179683,-0.42023357659102045,-0.1063971378951476,-0.8695951230375942,-0.5097765979793341,0.15667301147834925,-0.6075236062843414,-0.15630267210171822,0.020009277679140187,-0.6124269551197061,0.6794386498802909,-0.5720238977738462,-0.4507353935973482,-0.7447657979456301,-0.19004688802602937,-0.025554694592896374,-0.01904700381836844,0.2687124592939671,-0.010065463974131836,-0.09951414768676334,-0.6306510852882805,1.590633955588315,-0.1990522801474664,-0.5400093753445149,-0.66116160100532,1.2997819471664434,-0.17397221547004252,0.04645605890000934,0.027130963784049868,0.0,Newark/New York
57,2023-07,0.6287902840238964,-1.1954759773890393,-0.07709012248084327,0.43030733333078164,0.4140949787793487,0.12256908014858493,0.33388978724002316,0.0,1.4210854715202004e-14,-0.5303685963912131,-0.4400897637969391,-0.3134905814179683,-0.43212922416389327,-0.5227337644413772,-0.6284874179439914,-0.337829089994175,0.0751078861967791,-0.5282354326103409,-0.5026551841452983,-0.373181245882458,-0.4894085790562275,-0.38884584790054827,-0.5716106294246499,-0.15043280358311542,-0.5889000679859986,0.4675689138214063,0.15592846550752565,-0.20450438089344608,3.436867045975871,-0.4859357589742642,-0.2564242491091952,-0.38775133435300085,-0.35728957080339635,-0.19886539066560943,0.47577816454684074,-0.13704823621927065,1.2175933943760338,-0.027020179557256767,-0.1908456852938038,3.2218628471528423,0.0,Newark/New York
58,2023-08,-0.43804814391648106,-0.6310948799492622,-0.22204064057897682,-0.09026261728492545,-0.23148868450564702,-0.15904159162095494,-0.587717225472689,0.0,1.4210854715202004e-14,-0.3404084973972257,-0.39091161785489226,0.8694927446875724,-0.384546633872402,-0.3376952637541641,-0.8695951230375942,-0.3235001309954117,1.8389537204107336,-0.4753766501610073,-0.21428929176512304,-0.33777627872625793,-0.8125299710251939,6.170928738187192,-0.5678498874469647,-0.4543381601090887,-0.7447657979456301,-0.4586854206429312,0.8250372041024381,-0.15429333316327082,4.203608578090069,0.16176163468257232,-0.240953283574614,-0.7057582357408619,2.0142750246571097,-0.1990120270282972,-0.41468599067525297,-0.66116160100532,-0.4466712747308521,-0.2646984684721552,-0.17017528506036295,2.521260817821879,0.0,Newark/New York
59,2023-09,-0.12225204080155391,-1.1776636065607513,-0.21977143753800266,-0.31196111292141915,-0.25399289196200253,-0.28320547788169753,-0.4069699091385468,0.0,1.4210854715202004e-14,-0.22643243800083315,-0.48380367130098073,-0.6092364129443535,-0.43212922416389327,0.4949779893382952,-0.8695951230375942,-0.33066461049479334,-0.3531090215314642,-0.4753766501610073,-0.6280316590932007,-0.30165249442388326,-0.6112531265278734,-0.40301616548349234,-0.5719412441040069,0.6856421262533821,-0.7447657979456301,-0.4903881046163544,-0.38445354517847313,-0.06448202217444349,-0.32374438044191045,-0.7132708901167277,-0.23070371018123995,-0.4613204017513631,-0.38312790792576246,-0.19890372696958006,0.23370865193752816,-0.66116160100532,-0.49339093967348446,-0.09329558491216167,-0.12317356997963413,0.12722572683556008,0.0,Newark/New York
60,2023-10,0.5407233350850787,-0.1471598703263727,0.0880685714487796,0.6459297476244872,0.5899714825946334,0.23693017590053297,0.5008057187072289,0.0,1.4210854715202004e-14,-0.5683606161900107,-0.4127685716069131,-0.3134905814179683,-0.4559205193096389,0.309939488651082,-0.6284874179439914,-0.30200669249726686,0.05471660487638657,-0.21108273791433907,-0.1954828205229377,-0.3488337857979068,-0.28550030716226454,-0.40075285086954987,-0.5778509814975125,-0.6044753640837759,-0.7115144422209088,-0.3235318731772849,0.190546373229986,0.23055346726453482,-0.30542830051287984,-0.06433771139891381,-0.23509685023874674,-0.23795475086903733,-0.37900095130205125,-0.1994404352251693,-0.8096905031522583,-0.5493507498509628,-0.25566588876973945,0.008412020786260601,-0.09893168175934051,-0.287820598208792,0.0,Newark/New York
61,2023-11,-0.448248857432372,-0.07755609518757342,0.14128030601755345,-0.6364821511336572,-0.4198057858585329,-0.4614499418766743,-0.4635635212426501,0.0,1.4210854715202004e-14,-0.6443446557876057,-0.5876242016230796,-0.6092364129443535,-0.4797118144553845,-0.1526567630669509,-0.8695951230375942,-0.5312700364774788,-0.1491962083275388,-0.5546648238350078,-0.5841498928614348,-0.2978085721614195,-0.5780896197100752,-0.40301616548349234,-0.5766111764499239,1.306783314229826,-0.7447657979456301,-0.5738162203358891,2.1359340843158905,-0.23479177899324097,-0.6592204544703102,-0.7925945856285651,-0.16403879948081937,-0.24762923062464945,-0.38312790792576246,-0.19856349227184047,1.9387361380318286,-0.66116160100532,-0.3188109961895461,1.8832849631697417,-0.2104162967559424,-0.27160004347486777,0.0,Newark/New York
62,2023-12,-0.5639121682262451,-0.8002155964548009,0.13537663626389346,-0.5949361041661793,-0.5279947374799876,-0.4371144407251593,-0.7536233953961287,0.0,1.4210854715202004e-14,-0.41639253699482065,-0.6914447319451785,-0.3134905814179683,-0.49160746202825734,-0.1526567630669509,-0.8695951230375942,-0.5241055569780972,-0.3429133808712679,-0.5282354326103409,-0.6766150431355128,-0.2258415325368596,-0.5242536238228114,-0.40203211565134345,-0.5796693622339757,0.5453901397742822,-0.7447657979456301,-0.5965693428048532,1.0895209375184431,-0.24076456055533416,-0.736655059945744,-1.0483561762882383,-0.17632899676022015,0.39530275080314975,-0.3813335789589315,-0.19936855465522432,0.8740160528117256,-0.66116160100532,-0.46782431478423386,1.921344171949396,-0.21524384617182035,-0.25659636917108175,0.0,Newark/New York
63,2024-01,-0.15843972285676813,-0.757039958468842,-0.10240639460430012,-0.22772554980387194,-0.18409299198439724,-0.23281833981829475,-0.3408422694351631,0.0,1.4210854715202004e-14,-0.41639253699482065,-0.6641235397551525,-0.017744749891583127,-0.49160746202825734,-0.4302145140977707,-0.8695951230375942,-0.5957503519719135,-0.39389158417224923,-0.31680030281300636,-0.5026551841452983,4.34605957200813,-0.7592221980042547,1.9792700731657649,-0.13821611162260783,-0.10501824197289152,-0.7447657979456301,-0.6430868376302907,0.11211271137379526,1.0383298245087023,-0.3938699371108142,-0.7536619601529003,2.329940136996074,-0.38499766017097453,1.788817589974797,0.1077627446057159,0.3612203671821263,-0.66116160100532,-0.4986546565624339,0.7885526708562041,0.1859513581820732,-0.11017528421062793,0.0,Newark/New York
64,2024-02,-0.6711971667588064,-1.055978008021849,0.08516464222498042,-0.4642891448140505,-0.5431416023065789,-0.36246208391563445,-0.9221126762454818,0.0,1.4210854715202004e-14,-0.5683606161900107,-0.6094811553751004,-0.3134905814179683,-0.4797118144553845,-0.1063971378951476,-0.3873797128503885,-0.5097765979793341,-0.23076133360910894,-0.5546648238350078,-0.30048561829180587,-0.3742603923751778,-0.6306879671985718,-0.36946006620721505,-0.578760171865744,-0.02056029547438221,0.15405991148824538,-0.5540968475294537,2.3928862913718025,8.12027950883133,-0.4499393135984292,-0.3875044927428221,-0.25700037088488636,-0.2777334126177416,-0.32194129015682604,-0.19931105019926834,0.03289539036194747,0.8500319341277887,-0.3188109961895461,2.603727724489837,6.348379179434599,-0.31799675284336376,0.0,Newark/New York
65,2024-03,0.08850748091308494,0.5178030384753132,-0.011688021261854907,0.007044368057144017,0.16847292483183843,-0.10057476829646883,0.21342288678606197,0.0,1.4210854715202004e-14,-0.45438455679361817,-0.5548387709950484,0.5737469131611873,-0.4797118144553845,-0.01387788755154102,-0.6284874179439914,-0.5169410774787156,1.9307144863525,-0.2639415203636727,-0.25817105799688883,3.4530333152869837,-0.5912182657080489,2.0539594554258658,-0.579421401224458,-0.03377338493381387,-0.36964894117611674,-0.5272987255104515,1.7565265214776762,-0.21957279278079614,-0.14673811598174283,0.06116368794045982,2.050321441382247,-0.3373923369310993,0.7368922331701349,-0.1995410680230923,-0.06961430875226993,0.600204563579772,-0.16054857506140494,-0.11758096601342821,-0.20986255076862492,-0.1461053486155021,0.0,Newark/New York
66,2024-04,0.2586298214054852,0.9005753985571106,0.07051484717883605,-0.07158595396927017,0.24896122420248884,-0.14133117147044935,0.4750685407544915,0.0,1.4210854715202004e-14,-0.5303685963912131,-0.4455540022349443,0.5737469131611873,-0.40833792901814764,0.12490098796386885,-0.8695951230375942,-0.5384345159768605,0.7480201697697328,-0.44894725893634047,-0.6343004828405958,-0.27551173595262474,-0.2589022629828627,0.32360623057525084,-0.1304879934926391,1.292148582896935,-0.7447657979456301,-0.609209966398722,0.4877281397993605,-0.1793851328060191,-0.8036318353880707,-0.5422266949863414,-0.18280479636578675,-0.1612539976690139,-0.05189478064876365,-0.1607579065092746,1.2537786457287214,-0.66116160100532,-0.4896624735438058,-0.1643389270247102,-0.18658381691567205,-0.3731377805401026,0.0,Newark/New York
67,2024-05,0.6034660068498746,1.1865413954416906,-0.053366053247729535,1.3642526039353677,1.085413906283981,0.581484443783601,0.8865815940790996,0.0,1.4210854715202004e-14,-0.30241647759842816,-0.5876242016230796,-0.017744749891583127,-0.42023357659102045,-0.38395488892596735,-0.6284874179439914,-0.5957503519719135,1.5432801412650419,-0.5282354326103409,-0.4164588576186155,4.365265678643065,-0.6351912523253941,1.0826038661116926,-0.576156581265808,-0.0020951916313623957,-0.6231905285771175,-0.6420755877427812,0.9995224646180445,-0.23882238703399436,-0.3047321494708956,-0.20367550604012774,1.7834614118463763,-0.33676308376341857,0.9713213126866024,-0.19946302626143775,0.4649605204801473,-0.2523531764722015,-0.48067029052514504,-0.19479633095560125,-0.2139370279908703,-0.12377763735980743,0.0,Newark/New York
68,2024-06,0.09473204623716693,0.01150575895386653,-0.27453431169161263,0.29333766202785483,0.24357955959358446,0.04677027630310321,0.0967836870677698,0.0,1.4210854715202004e-14,-0.41639253699482065,-0.6641235397551525,-0.3134905814179683,-0.4559205193096389,-0.3376952637541641,-0.6284874179439914,-0.6029148314712951,2.277366268799173,-0.6075236062843414,-0.306754442039201,-0.301389767063881,-0.8768842688428657,-0.3759547950993978,1.6341265307401631,-0.688994451333164,-0.45901195968630554,-0.6420755877427812,0.9457420960673131,0.0031627091331124296,-0.2847813824799912,-0.011587828473742526,-0.21774376142269844,-0.6638990867010398,-0.33378386133791055,0.18529312734837883,-0.8248605147773841,0.2997129011024371,-0.37875888298051963,-0.2862238031296494,0.0726082531450673,-0.2012665241840877,0.0,Newark/New York
69,2024-07,1.0521080611589924,-0.03573574628637553,0.1790018670978474,1.5507726064839105,1.2417908796329677,0.6731056922627706,1.0352278864521176,0.0,1.4210854715202004e-14,-0.4923765765924157,-0.6586593013171472,-0.017744749891583127,-0.4440248717367661,-0.47647413926957394,0.33594340243042004,-0.5885858724725319,4.3776682447996045,-0.5282354326103409,-0.5465369503770642,-0.16551920791053323,-0.42511582176667123,-0.39376609706129273,-0.5730983954817562,-0.19221510304592118,0.43929419731437125,-0.6233674648238552,1.6218469761648677,-0.2394658570013916,-0.08406848312298787,0.07699874013469946,-0.11756362487761594,0.36346569126979594,-0.3746945617816569,-0.19886826588840723,0.27535288650802614,0.13514130455961754,-0.27564851770005305,-0.32891626327695445,-0.21436999561351092,0.2271453749190064,0.0,Newark/New York
70,2024-08,1.2224197420414789,0.3953429890308333,0.08058391374182017,0.9553166348906661,1.0858255058716602,0.38999381977695413,1.3087793335063496,0.0,1.4210854715202004e-14,-0.6443446557876057,-0.7242301625732097,0.5737469131611873,-0.5035031096011302,-0.4302145140977707,-0.1462720077567857,-0.62440826996944,5.091363091013343,-0.660382388733675,-0.5841498928614348,-0.32140983743564633,-0.7654987620523311,-0.3067760918993305,-0.5804132452625288,0.05573130065382949,-0.3187328027226371,-0.6592668358304429,3.1995962636738207,2.2519471211535262,-0.2570137873921089,0.099722701424923,-0.19250233508842238,-0.11740917191036167,-0.33925656468674503,-0.19988609475882824,0.6823483664241605,-0.1836360908669195,-0.7864045131590542,-0.23434809297425568,5.6572329546185545,0.12305380116325433,0.0,Newark/New York
71,2024-09,1.246678979521266,0.5893429408780568,-0.046216631842536604,0.6375667279165167,0.9682315036717377,0.22928131410108238,1.3799088152753656,0.0,1.4210854715202004e-14,-0.3404084973972257,-0.6149453938131056,-0.6092364129443535,-0.4797118144553845,-0.6615126399567871,-0.8695951230375942,-0.5169410774787156,0.2076512147793306,-0.6075236062843414,-0.4086228279343716,-0.14670271121810563,-0.8077839427041382,-0.40301616548349234,-0.5079673036484371,-0.3930628279291147,-0.7447657979456301,0.9567104844097571,0.3057184340879719,-0.24124608469912684,1.773797632556563,-0.4669559218826053,-0.15232326849755817,-0.5777636720433066,-0.38312790792576246,-0.17468476693611582,0.20079199955372598,-0.66116160100532,6.877333334197595,-0.028549774921488927,-0.21518593246483098,1.467422553974682,0.0,Newark/New York
72,2024-10,0.2591268399294613,-2.4334357499550547,-0.6232801470829029,0.6108857803227234,0.19586487739188335,0.20533127114146132,-0.3331868679638197,0.0,1.4210854715202004e-14,-0.6633406656870044,-0.7679440700772514,-0.46136349718116093,-0.4678161668825117,-0.9159405784017052,-0.3873797128503885,-0.6208260302197492,-0.09821800502655745,-0.6075236062843414,-0.8599781377468199,-0.3046796906291436,-0.8781452798495287,-0.40124487578562434,-0.5784502206038469,-0.694377703383189,-0.40393940176723575,-0.6585083984148107,0.5721152295046453,-0.23821205126053074,-0.5547436850143362,-1.5888542435840534,-0.16270623695237357,-0.3252511099659081,-0.37666832364517094,-0.19943085114917664,-0.38096290608138483,-0.08813098883923945,-0.6784983169353215,0.45088284724533156,-0.21161332294909765,0.37697829627838003,0.0,Newark/New York
73,2024-11,0.37571318512500435,1.0635005078180273,-0.3734089683165244,0.005811215017094749,0.3439892790079039,-0.10931986493944237,0.6307596811072735,0.0,1.4210854715202004e-14,-0.7203286953852007,-0.743354997106228,-0.6092364129443535,-0.5035031096011302,-0.8465511406440003,-0.6284874179439914,-0.6100793109706768,-0.057435442385772376,-0.6471676931213417,-0.8403880635362102,-0.3376952506619581,-0.8874965910245612,-0.40301616548349234,-0.5804132452625288,-0.4578950113499054,-0.6740413073345007,-0.6372721507771111,0.8329516749448524,-0.1809457729463244,-0.4880122675258344,-1.5149953795211382,-0.1809722144256255,-0.5479039172239811,-0.38312790792576246,-0.19988609475882824,0.7677415586108928,-0.4233437640980106,-0.004084590536992572,0.5731010235252582,-0.10104434823912822,0.4216724275381534,0.0,Newark/New York
74,2024-12,0.03208404466741408,-0.005725773695238157,-0.42370332955445317,-0.09889468856527031,0.032120271423440476,-0.16779366299654763,0.030444701924993156,0.0,1.4210854715202004e-14,-0.7203286953852007,-0.7734083085152565,-0.46136349718116093,-0.49755528581469377,-0.8465511406440003,-0.6284874179439914,-0.6100793109706768,-0.3531090215314642,-0.6868117799583419,-0.7220640153041273,-0.3554499114026754,-0.8695885822528023,0.08900875059095453,5.618611992680289,0.16246633351401207,-0.5608442365932649,-0.653957773921018,0.03990309993237951,-0.24169702343313468,0.1757223194371837,-1.3484117289418918,-0.2166595961770172,-0.177663914578656,1.4112010589052169,8.425782298639605,4.237755244736123,-0.042707830557781844,-0.5975686697675221,0.5102299843154481,-0.2146364778187925,0.943485206387597,0.0,Newark/New York
