,PORT NAME,STATE,Loaded InBound DOMESTIC,Empty InBound DOMESTIC,Loaded OutBound DOMESTIC,Empty OutBound DOMESTIC,Total DOMESTIC,Loaded InBound FOREIGN,Loaded OutBound  FOREIGN,Total OutBound  FOREIGN,Total Loaded Grand,Year
0,Los Angeles,CA,11776.5,0.0,130634.0,0.0,142410.5,4897579.07,1587302.85,6484881.92,6627292.42,2018
1,Long Beach,CA,31218.3,58504.95,185522.05,559.75,275805.05,4104052.21,1274929.59,5378981.8,5595722.15,2018
2,New York (NY and NJ),NY,26753.25,2479.8,27348.25,2479.8,59061.1,3755565.38,1472824.57,5228389.95,5282491.45,2018
3,Savannah,GA,0.0,0.0,0.0,0.0,0.0,2027371.08,1359487.02,3386858.1,3386858.1,2018
4,Houston,TX,0.0,0.0,0.0,0.0,0.0,1209367.71,1042277.63,2251645.34,2251645.34,2018
5,Port of Virginia,VA,4571.75,1647.65,6450.0,182.2,12851.6,1301880.96,892702.2,2194583.16,2205604.91,2018
6,Oakland,CA,25896.25,60636.75,90645.85,1602.0,178780.85,949730.14,746293.61,1696023.75,1812565.85,2018
7,Charleston,SC,0.0,0.0,0.0,0.0,0.0,1022114.56,780954.04,1803068.6,1803068.6,2018
8,Tacoma,WA,68048.95,74955.25,211942.55,1838.2,356784.95,766968.77,505190.63,1272159.4,1552150.9,2018
9,Seattle,WA,66871.75,144419.25,145019.1,15757.0,372067.1,702404.95,401049.01,1103453.96,1315344.81,2018
10,Honolulu,HI,490314.4,135103.55,304124.95,168881.8,1098424.7,25660.78,15611.55,41272.33,835711.68,2018
11,Miami,FL,0.0,0.0,0.0,0.0,0.0,456573.92,347175.58,803749.5,803749.5,2018
12,Port Everglades,FL,0.0,0.0,0.0,0.0,0.0,365823.58,429219.59,795043.17,795043.17,2018
13,Jacksonville,FL,54130.45,43049.45,349221.7,1231.35,447632.95,257498.34,113633.06,371131.4,774483.55,2018
14,Baltimore,MD,6450.0,182.2,4294.5,1235.15,12161.85,478038.96,224407.04,702446.0,713190.5,2018
15,San Juan,PR,369340.9,1493.6,67714.45,51222.45,489771.4,215844.07,38284.64,254128.71,691184.06,2018
16,New Orleans,LA,0.0,0.0,0.0,0.0,0.0,122776.09,277421.44,400197.53,400197.53,2018
17,Philadelphia,PA,4636.75,1181.15,4319.0,1593.65,11730.55,285511.7,82132.08,367643.78,376599.53,2018
18,Anchorage,AK,207434.55,1566.2,66763.2,73647.2,349411.15,10.5,0.0,10.5,274208.25,2018
19,Mobile,AL,0.0,0.0,0.0,0.0,0.0,142208.38,127427.44,269635.82,269635.82,2018
20,Wilmington,NC,0.0,0.0,0.0,0.0,0.0,114525.48,115215.74,229741.22,229741.22,2018
21,Boston,MA,0.0,0.0,0.0,0.0,0.0,144862.17,74472.87,219335.04,219335.04,2018
22,Wilmington,DE,0.0,0.0,0.0,0.0,0.0,177534.21,23516.51,201050.72,201050.72,2018
23,Gulfport,MS,0.0,0.0,0.0,0.0,0.0,79439.08,79712.08,159151.16,159151.16,2018
24,Palm Beach,FL,0.0,0.0,0.0,0.0,0.0,23522.35,113474.1,136996.45,136996.45,2018
25,Chester,PA,0.0,0.0,0.0,0.0,0.0,97031.62,37926.7,134958.32,134958.32,2018
26,Camden-Gloucester,NJ,13584.0,8173.0,20119.2,262.25,42138.45,68203.01,268.53,68471.54,102174.74,2018
27,Juneau,AK,69298.9,15325.15,22767.4,24494.95,131886.4,0.0,0.0,0.0,92066.3,2018
28,"Kahului, Maui",HI,74960.55,2883.85,14498.25,50880.05,143222.7,3.5,0.0,3.5,89462.3,2018
29,Ketchikan,AK,22214.2,7219.9,66801.45,48756.1,144991.65,0.0,0.0,0.0,89015.65,2018
30,Port Hueneme,CA,0.0,0.0,0.0,0.0,0.0,64747.83,19362.33,84110.16,84110.16,2018
31,Petersburg,AK,24293.0,9642.3,52829.35,23797.45,110562.1,0.0,0.0,0.0,77122.35,2018
32,Kawaihae Harbor,HI,55890.2,2359.55,17049.0,40312.65,115611.4,0.0,0.0,0.0,72939.2,2018
33,San Diego,CA,0.0,0.0,0.0,0.0,0.0,67046.83,2465.52,69512.35,69512.35,2018
34,Freeport,TX,0.0,0.0,0.0,0.0,0.0,32340.79,34389.01,66729.8,66729.8,2018
35,Tampa,FL,0.0,0.0,0.0,0.0,0.0,47479.06,5338.08,52817.14,52817.14,2018
36,Apra Harbor,GU,42937.25,6307.25,5233.75,2705.25,57183.5,0.0,0.0,0.0,48171.0,2018
37,"Nawiliwili, Kauai",HI,39105.95,2055.45,7727.1,25934.7,74823.2,0.0,0.0,0.0,46833.05,2018
38,Whittier,AK,32095.5,4421.75,7041.9,4461.7,48020.85,1128.76,0.0,1128.76,40266.16,2018
39,Hilo,HI,28725.85,3818.85,9214.6,9672.05,51431.35,0.0,0.0,0.0,37940.45,2018
40,Iliuliuk Harbor,AK,0.0,0.0,0.0,0.0,0.0,351.5,36781.0,37132.5,37132.5,2018
41,Dutch Harbor,AK,19418.95,8416.9,14067.05,12707.2,54610.1,0.0,0.0,0.0,33486.0,2018
42,Galveston,TX,0.0,0.0,0.0,0.0,0.0,16243.96,8098.11,24342.07,24342.07,2018
43,Port Manatee,FL,0.0,0.0,0.0,0.0,0.0,21974.08,1617.75,23591.83,23591.83,2018
44,Panama City,FL,0.0,0.0,0.0,0.0,0.0,15489.38,7055.43,22544.81,22544.81,2018
45,"Columbia River, Dalles-McNary",OR,21670.0,0.0,0.0,15956.0,37626.0,0.0,0.0,0.0,21670.0,2018
46,"Columbia River, Vancouver-Dalles",OR,0.0,15956.0,21670.0,0.0,37626.0,0.0,0.0,0.0,21670.0,2018
47,Other Alaskan Ports/Wtwys,AK,8279.15,9015.65,8457.0,7972.55,33724.35,93.0,737.13,830.13,17566.28,2018
48,Lynn Canal,AK,7618.5,3650.4,6656.65,14638.1,32563.65,0.0,0.0,0.0,14275.15,2018
49,Skagway,AK,11829.85,3447.75,2399.65,4053.3,21730.55,0.0,0.0,0.0,14229.5,2018
50,Sitka,AK,8997.4,3522.9,4832.65,5623.25,22976.2,0.0,0.0,0.0,13830.05,2018
51,Naknek River,AK,7314.8,6739.75,5337.9,3482.6,22875.05,0.0,0.0,0.0,12652.7,2018
52,Kodiak,AK,7185.25,1741.0,4693.0,4418.25,18037.5,0.0,480.0,480.0,12358.25,2018
53,Chatham Strait,AK,10458.1,1259.1,1635.5,9981.3,23334.0,0.0,0.0,0.0,12093.6,2018
54,Haines,AK,8484.35,952.8,3578.7,2926.75,15942.6,0.0,0.0,0.0,12063.05,2018
55,Fore River,ME,0.0,0.0,0.0,0.0,0.0,8099.27,8.99,8108.26,8108.26,2018
56,Prince of Wales Island,AK,4585.15,800.4,1649.6,3188.85,10224.0,0.0,0.0,0.0,6234.75,2018
57,Akutan Island,AK,1901.0,3380.0,4128.0,799.4,10208.4,0.0,0.0,0.0,6029.0,2018
58,Everett,WA,0.0,0.0,426.0,0.0,426.0,4540.29,293.75,4834.04,5260.04,2018
59,Wrangell,AK,2177.55,577.95,2599.1,1665.5,7020.1,0.0,0.0,0.0,4776.65,2018
60,Other Atlantic Ports/Wtwys,,0.0,0.0,0.0,0.0,0.0,3980.3,319.75,4300.05,4300.05,2018
61,Cordova,AK,1790.1,1513.85,2459.65,1128.55,6892.15,0.0,0.0,0.0,4249.75,2018
62,Newport News,VA,0.0,0.0,0.0,0.0,0.0,1286.3,2741.64,4027.94,4027.94,2018
63,Bethel,AK,3367.6,1020.05,576.5,1312.6,6276.75,0.0,0.0,0.0,3944.1,2018
64,Fernandina Beach,FL,0.0,0.0,0.0,0.0,0.0,91.0,3827.16,3918.16,3918.16,2018
65,Kake,AK,569.65,41.85,3343.8,1520.15,5475.45,0.0,0.0,0.0,3913.45,2018
66,Pensacola,FL,0.0,0.0,0.0,0.0,0.0,1797.28,1501.5,3298.78,3298.78,2018
67,Saipan,MP,3024.75,429.25,165.25,3238.5,6857.75,0.0,0.0,0.0,3190.0,2018
68,Salem River,NJ,0.0,0.0,0.0,0.0,0.0,260.8,2828.16,3088.96,3088.96,2018
69,Yakutat,AK,1879.3,153.95,783.25,1175.7,3992.2,0.0,0.0,0.0,2662.55,2018
70,Nome,AK,1788.15,214.3,845.6,557.5,3405.55,0.0,0.0,0.0,2633.75,2018
71,Kaumalapau Lanai,HI,2300.35,249.4,247.65,999.6,3797.0,0.0,0.0,0.0,2548.0,2018
72,Pacific Islands excl. Hawaii,OT,1527.7,0.0,131.0,898.0,2556.7,0.0,0.0,0.0,1658.7,2018
73,Other Hawaiian Islands Ports,HI,1100.95,218.25,393.45,563.0,2275.65,0.0,0.0,0.0,1494.4,2018
74,Other Pacific Ports/Wtwys,,0.0,0.0,0.0,0.0,0.0,593.44,206.5,799.94,799.94,2018
75,Other Gulf Coast Ports/Wtwys,,0.0,0.0,0.0,0.0,0.0,677.25,120.0,797.25,797.25,2018
76,Pacific Islands Under U.S. Trust,OT,600.75,32.0,60.0,446.0,1138.75,0.0,0.0,0.0,660.75,2018
77,Great Lakes Ports,,0.0,0.0,0.0,0.0,0.0,652.5,0.0,652.5,652.5,2018
78,Not Available,  ,0.0,0.0,0.0,0.0,0.0,529.5,0.0,529.5,529.5,2018
79,Los Angeles,CA,12486.25,0.0,141476.75,0.0,153963.0,4574531.58,1536798.46,6111330.04,6265293.04,2019
80,New York (NY and NJ),NY,37659.25,5822.05,41116.25,5823.25,90420.8,3739840.32,1423041.09,5162881.41,5241656.91,2019
81,Long Beach,CA,32569.0,50883.25,184202.95,841.0,268496.2,3723760.7,1268002.72,4991763.42,5208535.37,2019
82,Savannah,GA,0.0,0.0,0.0,0.0,0.0,2122529.3,1400477.02,3523006.32,3523006.32,2019
83,Houston,TX,0.0,0.0,0.0,0.0,0.0,1230684.24,1216770.1,2447454.34,2447454.34,2019
84,Port of Virginia,VA,13710.75,2117.1,10519.75,564.8,26912.4,1311541.91,871407.92,2182949.83,2207180.33,2019
85,Charleston,SC,0.0,0.0,0.0,0.0,0.0,1057526.33,796837.85,1854364.18,1854364.18,2019
86,Oakland,CA,21299.5,59740.2,89512.35,1848.35,172400.4,940085.52,799069.96,1739155.48,1849967.33,2019
87,Tacoma,WA,59698.85,81470.2,202116.45,1848.95,345134.45,750825.31,507346.55,1258171.86,1519987.16,2019
88,Seattle,WA,67944.1,154909.65,142362.7,16579.1,381795.55,543185.32,399293.97,942479.29,1152786.09,2019
89,Jacksonville,FL,128201.85,110761.75,384698.05,4555.4,628217.05,255973.38,108782.06,364755.44,877655.34,2019
90,Honolulu,HI,497064.55,141729.5,299542.55,165900.15,1104236.75,19710.34,16949.48,36659.82,833266.92,2019
91,Miami,FL,0.0,0.0,0.0,0.0,0.0,489802.15,341596.91,831399.06,831399.06,2019
92,San Juan,PR,434080.3,5088.4,181163.25,131711.25,752043.2,161274.07,44514.96,205789.03,821032.58,2019
93,Baltimore,MD,10515.75,564.8,10145.25,1603.9,22829.7,499604.08,220148.93,719753.01,740414.01,2019
94,Port Everglades,FL,0.0,0.0,0.0,0.0,0.0,306016.55,398084.65,704101.2,704101.2,2019
95,New Orleans,LA,0.0,0.0,0.0,0.0,0.0,136883.29,297304.11,434187.4,434187.4,2019
96,Philadelphia,PA,10145.25,1603.9,10249.75,2115.9,24114.8,300199.08,71535.16,371734.24,392129.24,2019
97,Mobile,AL,0.0,0.0,0.0,0.0,0.0,204254.63,132944.7,337199.33,337199.33,2019
98,Anchorage,AK,197995.6,1030.95,56022.1,82797.35,337846.0,276.51,909.0,1185.51,255203.21,2019
99,Wilmington,NC,0.0,0.0,0.0,0.0,0.0,120339.96,111603.39,231943.35,231943.35,2019
100,Boston,MA,0.0,0.0,0.0,0.0,0.0,145042.16,76486.2,221528.36,221528.36,2019
101,Wilmington,DE,0.0,0.0,0.0,0.0,0.0,186239.79,19625.53,205865.32,205865.32,2019
102,Camden-Gloucester,NJ,52961.4,20949.5,49382.25,533.0,123826.15,56691.02,63.75,56754.77,159098.42,2019
103,Gulfport,MS,0.0,0.0,0.0,0.0,0.0,81992.19,74248.7,156240.89,156240.89,2019
104,Palm Beach,FL,0.0,0.0,0.0,0.0,0.0,21046.17,123011.53,144057.7,144057.7,2019
105,Chester,PA,0.0,0.0,0.0,0.0,0.0,103561.23,37836.76,141397.99,141397.99,2019
106,"Kahului, Maui",HI,75982.9,3314.9,13632.5,53716.55,146646.85,0.0,0.0,0.0,89615.4,2019
107,Juneau,AK,64972.3,13349.0,21550.45,25277.55,125149.3,0.0,0.0,0.0,86522.75,2019
108,Ketchikan,AK,19717.35,7284.6,65381.45,48391.8,140775.2,15.75,0.0,15.75,85114.55,2019
109,Port Hueneme,CA,0.0,0.0,0.0,0.0,0.0,63045.5,16865.84,79911.34,79911.34,2019
110,Freeport,TX,0.0,0.0,0.0,0.0,0.0,28675.15,50969.45,79644.6,79644.6,2019
111,Petersburg,AK,23546.75,10337.3,51146.65,25109.1,110139.8,0.0,0.0,0.0,74693.4,2019
112,Kawaihae Harbor,HI,56636.1,2454.4,16359.2,41003.35,116453.05,0.0,0.0,0.0,72995.3,2019
113,San Diego,CA,0.0,0.0,0.0,0.0,0.0,68769.94,3920.0,72689.94,72689.94,2019
114,Tampa,FL,0.0,0.0,0.0,0.0,0.0,56483.52,8406.73,64890.25,64890.25,2019
115,Apra Harbor,GU,42412.0,8070.75,5349.5,2501.0,58333.25,0.0,0.0,0.0,47761.5,2019
116,Whittier,AK,35160.95,5107.7,7639.75,5446.3,53354.7,1211.03,0.0,1211.03,44011.73,2019
117,"Nawiliwili, Kauai",HI,35053.2,2540.7,7353.05,24775.5,69722.45,0.0,0.0,0.0,42406.25,2019
118,Port Manatee,FL,0.0,0.0,0.0,0.0,0.0,38664.77,535.51,39200.28,39200.28,2019
119,Iliuliuk Harbor,AK,16.0,3.2,0.0,0.0,19.2,279.5,36586.78,36866.28,36882.28,2019
120,Hilo,HI,28096.2,3873.7,8424.25,11268.8,51662.95,0.0,0.0,0.0,36520.45,2019
121,Dutch Harbor,AK,21013.25,11324.3,14348.7,15337.7,62023.95,0.0,0.0,0.0,35361.95,2019
122,Panama City,FL,0.0,0.0,0.0,0.0,0.0,17043.88,6407.67,23451.55,23451.55,2019
123,Galveston,TX,0.0,0.0,0.0,0.0,0.0,16238.24,6423.9,22662.14,22662.14,2019
124,Other Pacific Ports/Wtwys,,120.0,16214.0,21222.0,0.0,37556.0,1000.64,44.75,1045.39,22387.39,2019
125,Everett,WA,10.0,0.0,1872.0,0.0,1882.0,20043.2,0.0,20043.2,21925.2,2019
126,"Columbia River, Dalles-McNary",OR,21222.0,0.0,0.0,16214.0,37436.0,0.0,0.0,0.0,21222.0,2019
127,Skagway,AK,12322.15,4802.95,2303.95,4162.25,23591.3,0.0,0.0,0.0,14626.1,2019
128,Other Alaskan Ports/Wtwys,AK,7401.25,5715.9,5849.2,5268.1,24234.45,330.75,210.0,540.75,13791.2,2019
129,Sitka,AK,8803.8,3242.65,4937.25,5747.0,22730.7,0.0,0.0,0.0,13741.05,2019
130,Kodiak,AK,7689.0,724.0,5264.0,4080.0,17757.0,0.0,772.0,772.0,13725.0,2019
131,Naknek River,AK,7563.15,7897.95,5940.8,3097.3,24499.2,0.0,0.0,0.0,13503.95,2019
132,Chatham Strait,AK,10496.1,764.2,1778.65,10968.75,24007.7,0.0,0.0,0.0,12274.75,2019
133,Newport News,VA,0.0,0.0,0.0,0.0,0.0,7443.74,4699.14,12142.88,12142.88,2019
134,Lynn Canal,AK,5610.95,3785.6,6448.55,14869.55,30714.65,0.0,0.0,0.0,12059.5,2019
135,Haines,AK,8243.9,774.65,3578.4,2869.55,15466.5,0.0,0.0,0.0,11822.3,2019
136,Fore River,ME,0.0,0.0,0.0,0.0,0.0,10766.87,202.75,10969.62,10969.62,2019
137,Prince of Wales Island,AK,4552.15,1234.45,2600.9,3539.1,11926.6,0.0,0.0,0.0,7153.05,2019
138,Akutan Island,AK,1542.0,3214.0,3868.0,596.4,9220.4,0.0,0.0,0.0,5410.0,2019
139,Cordova,AK,1984.65,2152.45,3338.2,1146.2,8621.5,0.0,0.0,0.0,5322.85,2019
140,Wrangell,AK,2050.05,509.25,2579.75,1642.05,6781.1,0.0,0.0,0.0,4629.8,2019
141,Kake,AK,876.45,38.45,3610.65,1792.45,6318.0,0.0,0.0,0.0,4487.1,2019
142,Nome,AK,3329.75,532.85,1050.45,697.45,5610.5,0.0,0.0,0.0,4380.2,2019
143,Bethel,AK,3058.4,681.55,1044.1,1069.6,5853.65,0.0,0.0,0.0,4102.5,2019
144,Fernandina Beach,FL,0.0,0.0,0.0,0.0,0.0,140.81,3880.35,4021.16,4021.16,2019
145,False Pass,AK,486.6,1247.25,3472.55,2210.4,7416.8,0.0,0.0,0.0,3959.15,2019
146,Other Atlantic Ports/Wtwys,,0.0,0.0,0.0,0.0,0.0,3079.85,491.0,3570.85,3570.85,2019
147,Saipan,MP,3118.75,415.25,428.25,4022.5,7984.75,0.0,0.0,0.0,3547.0,2019
148,Kaumalapau Lanai,HI,2927.85,432.8,406.25,1390.25,5157.15,0.0,0.0,0.0,3334.1,2019
149,Salem River,NJ,0.0,0.0,0.0,0.0,0.0,325.55,2801.24,3126.79,3126.79,2019
150,Pacific Islands Under U.S. Trust,OT,2663.25,174.0,398.0,2744.25,5979.5,0.0,0.0,0.0,3061.25,2019
151,Humboldt,AK,119.2,1421.85,2778.2,1026.6,5345.85,0.0,0.0,0.0,2897.4,2019
152,Other Gulf Coast Ports/Wtwys,,0.0,0.0,0.0,0.0,0.0,503.06,2163.19,2666.25,2666.25,2019
153,Yakutat,AK,1751.25,184.4,622.3,1096.35,3654.3,0.0,0.0,0.0,2373.55,2019
154,Pacific Islands excl. Hawaii,OT,1637.1,127.4,29.0,396.0,2189.5,0.0,0.0,0.0,1666.1,2019
155,Other Hawaiian Islands Ports,HI,1081.35,170.0,363.2,593.5,2208.05,5.25,0.0,5.25,1449.8,2019
156,Great Lakes Ports,,0.0,0.0,0.0,0.0,0.0,1023.52,2.0,1025.52,1025.52,2019
157,Not Available,  ,0.0,0.0,0.0,0.0,0.0,683.2,314.0,997.2,997.2,2019
158,"Other Columbia Riv (OR,WA,ID)",OR,0.0,0.0,120.0,0.0,120.0,0.0,0.0,0.0,120.0,2019
159,Mayaguez,PR,0.0,0.0,0.0,0.0,0.0,3.5,0.0,3.5,3.5,2019
160,Los Angeles,CA,3406.5,0.0,43226.25,0.0,46632.75,5027888.46,1376074.68,6403963.14,6450595.89,2020
161,Long Beach,CA,43923.1,36695.75,264477.55,1969.45,347065.85,4228027.86,1155381.41,5383409.27,5691809.92,2020
162,New York (NY and NJ),NY,0.0,0.0,0.0,0.0,0.0,4185679.42,1253379.7,5439059.12,5439059.12,2020
163,Savannah,GA,0.0,0.0,0.0,0.0,0.0,2364792.03,1336504.92,3701296.95,3701296.95,2020
164,Houston,TX,0.0,0.0,0.0,0.0,0.0,1342994.23,1184512.14,2527506.37,2527506.37,2020
165,Port of Virginia,VA,150.0,0.0,301.0,0.0,451.0,1319520.1,852312.42,2171832.52,2172283.52,2020
166,Oakland,CA,20210.65,59175.1,85147.0,1158.25,165691.0,1014878.56,795768.66,1810647.22,1916004.87,2020
167,Charleston,SC,0.0,0.0,0.0,0.0,0.0,1084466.57,736680.99,1821147.56,1821147.56,2020
168,Tacoma,WA,95319.35,134204.25,307930.5,1229.5,538683.6,709621.96,413819.3,1123441.26,1526691.11,2020
169,Seattle,WA,53038.8,127024.3,121951.15,15262.8,317277.05,618342.49,357815.54,976158.03,1151147.98,2020
170,San Juan Harbor,PR,495729.6,4398.95,157418.05,166263.45,823810.05,206326.65,42831.45,249158.1,902305.75,2020
171,Jacksonville,FL,109373.55,143941.85,446831.1,3924.7,704071.2,224938.03,100937.85,325875.88,882080.53,2020
172,Miami,FL,0.0,0.0,0.0,0.0,0.0,504248.72,295371.45,799620.17,799620.17,2020
173,Honolulu,HI,471539.1,133035.45,280134.7,146886.45,1031595.7,19268.05,14070.75,33338.8,785012.6,2020
174,Baltimore,MD,301.0,0.0,158.0,0.0,459.0,524197.03,205329.45,729526.48,729985.48,2020
175,Port Everglades,FL,0.0,0.0,0.0,0.0,0.0,302291.45,321385.4,623676.85,623676.85,2020
176,Philadelphia,PA,158.0,0.0,150.0,0.0,308.0,435358.39,95273.49,530631.88,530939.88,2020
177,New Orleans,LA,0.0,0.0,0.0,0.0,0.0,142897.64,277447.11,420344.75,420344.75,2020
178,Anchorage,AK,289923.1,1454.8,92081.4,121343.2,504802.5,105.0,0.0,105.0,382109.5,2020
179,Mobile,AL,0.0,0.0,0.0,0.0,0.0,221338.43,132666.2,354004.63,354004.63,2020
180,Wilmington,NC,0.0,0.0,0.0,0.0,0.0,126585.7,104866.79,231452.49,231452.49,2020
181,Wilmington,DE,0.0,0.0,0.0,0.0,0.0,196269.03,18188.36,214457.39,214457.39,2020
182,Boston,MA,0.0,0.0,0.0,0.0,0.0,143510.0,69452.68,212962.68,212962.68,2020
183,South Jersey Port District,NJ,48044.5,22321.6,48898.5,474.25,119738.85,62593.05,1524.75,64117.8,161060.8,2020
184,Gulfport,MS,0.0,0.0,0.0,0.0,0.0,79059.48,58477.96,137537.44,137537.44,2020
185,Palm Beach,FL,0.0,0.0,0.0,0.0,0.0,21536.02,98146.35,119682.37,119682.37,2020
186,Port Hueneme,CA,0.0,0.0,0.0,0.0,0.0,88143.4,12109.96,100253.36,100253.36,2020
187,Tampa,FL,0.0,0.0,0.0,0.0,0.0,76728.83,10256.19,86985.02,86985.02,2020
188,Juneau,AK,65144.25,8050.45,20003.9,20471.85,113670.45,0.0,0.0,0.0,85148.15,2020
189,Ketchikan,AK,21247.25,6757.3,60863.65,42323.35,131191.55,4.0,0.0,4.0,82114.9,2020
190,Freeport,TX,0.0,0.0,0.0,0.0,0.0,33201.55,48685.86,81887.41,81887.41,2020
191,San Diego,CA,0.0,0.0,0.0,0.0,0.0,73503.79,3051.49,76555.28,76555.28,2020
192,Kawaihae Harbor,HI,60408.6,1928.8,15805.9,42231.4,120374.7,0.0,0.0,0.0,76214.5,2020
193,"Kahului, Maui",HI,64789.1,2551.25,10621.15,49395.15,127356.65,0.0,0.0,0.0,75410.25,2020
194,Petersburg,AK,23199.2,7479.7,48644.3,23708.6,103031.8,0.0,0.0,0.0,71843.5,2020
195,Port Manatee,FL,0.0,0.0,0.0,0.0,0.0,50536.69,381.51,50918.2,50918.2,2020
196,Apra Harbor,GU,43739.0,6767.0,5243.75,3620.25,59370.0,0.0,0.0,0.0,48982.75,2020
197,"Portland, OR",OR,0.0,0.0,0.0,0.0,0.0,21533.64,20156.76,41690.4,41690.4,2020
198,Galveston,TX,0.0,0.0,0.0,0.0,0.0,19259.27,20687.4,39946.67,39946.67,2020
199,"Nawiliwili, Kauai",HI,29906.45,2096.95,6848.45,22410.85,61262.7,0.0,0.0,0.0,36754.9,2020
200,Panama City,FL,0.0,0.0,0.0,0.0,0.0,25537.81,5632.24,31170.05,31170.05,2020
201,Iliuliuk Harbor,AK,0.0,0.8,13.0,1.4,15.2,261.25,30486.36,30747.61,30760.61,2020
202,Whittier,AK,23831.05,3661.45,3501.3,1905.1,32898.9,610.76,0.0,610.76,27943.11,2020
203,Hilo,HI,21597.2,2470.45,6083.0,9357.5,39508.15,0.0,0.0,0.0,27680.2,2020
204,Dutch Harbor,AK,14922.5,9241.15,11263.6,9669.75,45097.0,0.0,0.0,0.0,26186.1,2020
205,Vancouver,WA,0.0,21208.0,22890.0,0.0,44098.0,95.88,0.0,95.88,22985.88,2020
206,"Columbia River, Dalles-McNary",OR,22888.0,0.0,0.0,21190.0,44078.0,0.0,0.0,0.0,22888.0,2020
207,"Portland Harbor, ME",ME,0.0,0.0,0.0,0.0,0.0,14248.21,6.0,14254.21,14254.21,2020
208,Kodiak,AK,7746.0,849.0,5225.9,4119.75,17940.65,0.0,441.0,441.0,13412.9,2020
209,Sitka,AK,9160.25,1988.8,4128.9,4754.0,20031.95,0.0,0.0,0.0,13289.15,2020
210,Chatham Strait,AK,10889.6,558.6,1718.25,8438.95,21605.4,0.0,0.0,0.0,12607.85,2020
211,Lynn Canal,AK,5939.4,2464.75,6433.25,10280.05,25117.45,0.0,0.0,0.0,12372.65,2020
212,Skagway,AK,8636.7,4542.95,2851.3,3395.45,19426.4,0.0,0.0,0.0,11488.0,2020
213,Haines,AK,7926.0,662.8,3232.75,2360.55,14182.1,0.0,0.0,0.0,11158.75,2020
214,Other Alaskan Ports/Wtwys,AK,5324.2,4272.35,4147.3,5737.65,19481.5,305.24,0.0,305.24,9776.74,2020
215,Naknek River,AK,4765.75,4040.3,3039.05,2242.55,14087.65,0.0,0.0,0.0,7804.8,2020
216,Prince of Wales Island,AK,5215.65,602.15,1441.5,2926.4,10185.7,0.0,0.0,0.0,6657.15,2020
217,Everett,WA,20.0,0.0,62.0,0.0,82.0,5337.85,0.0,5337.85,5419.85,2020
218,Akutan Island,AK,1567.0,2950.0,3852.0,556.0,8925.0,0.0,0.0,0.0,5419.0,2020
219,Wrangell,AK,2044.05,276.75,2802.8,1514.75,6638.35,0.0,0.0,0.0,4846.85,2020
220,Kake,AK,636.45,24.6,3583.4,1087.3,5331.75,0.0,0.0,0.0,4219.85,2020
221,Cordova,AK,1696.05,1446.75,2163.65,1004.5,6310.95,0.0,0.0,0.0,3859.7,2020
222,Nome,AK,2611.95,764.2,991.6,577.45,4945.2,0.0,0.0,0.0,3603.55,2020
223,Newport News,VA,0.0,0.0,0.0,0.0,0.0,2092.23,1505.75,3597.98,3597.98,2020
224,Bethel,AK,2816.5,484.2,770.1,858.2,4929.0,0.0,0.0,0.0,3586.6,2020
225,Fernandina Beach,FL,0.0,0.0,0.0,0.0,0.0,50.75,3456.6,3507.35,3507.35,2020
226,Saipan,MP,3248.25,180.5,85.25,3821.5,7335.5,0.0,0.0,0.0,3333.5,2020
227,Other Hawaiian Islands Ports,HI,2471.1,460.0,737.45,1391.65,5060.2,10.5,0.0,10.5,3219.05,2020
228,Yakutat,AK,2374.15,259.0,531.05,1078.8,4243.0,0.0,0.0,0.0,2905.2,2020
229,Other Pacific Ports/Wtwys,,396.25,6.0,18.25,350.5,771.0,578.99,1047.92,1626.91,2041.41,2020
230,Great Lakes Ports,,0.0,0.0,0.0,0.0,0.0,950.91,2.0,952.91,952.91,2020
231,Other Gulf Coast Ports/Wtwys,,0.0,0.0,0.0,0.0,0.0,717.92,46.02,763.94,763.94,2020
232,Other Atlantic Ports/Wtwys,,0.0,0.0,0.0,0.0,0.0,282.63,210.01,492.64,492.64,2020
233,Pacific Islands excl. Hawaii,OT,25.8,12.2,0.0,0.0,38.0,0.0,0.0,0.0,25.8,2020
234,"Other Columbia Riv (OR,WA,ID)",OR,2.0,0.0,0.0,18.0,20.0,0.0,0.0,0.0,2.0,2020
235,"Port of Los Angeles, CA",CA,0.0,0.0,0.0,0.0,0.0,5770037.95,1267948.07,7037986.02,7037986.02,2021
236,"Port of Long Beach, CA",CA,44882.7,19514.6,336117.5,2036.0,402550.8,4938264.09,1079640.81,6017904.9,6398905.1,2021
237,"Port Authority of New York and New Jersey, NY & NJ","NY,NJ",13836.0,1366.0,14448.0,1366.0,31016.0,4956070.78,1319722.78,6275793.56,6304077.56,2021
238,"Port of Savannah, GA",GA,0.0,0.0,0.0,0.0,0.0,2881608.46,1354291.79,4235900.25,4235900.25,2021
239,"Port of Virginia, VA",VA,19983.0,0.0,26685.0,0.0,46668.0,1733201.56,990095.13,2723296.69,2769964.69,2021
240,"Port of Houston Authority of Harris County, TX",TX,0.0,0.0,0.0,0.0,0.0,1751879.52,1015962.94,2767842.46,2767842.46,2021
241,"Port of Charleston, SC",SC,0.0,0.0,0.0,0.0,0.0,1375111.51,797082.41,2172193.92,2172193.92,2021
242,"Port of Oakland, CA",CA,18911.5,46883.45,89083.6,979.1,155857.65,1080201.96,721102.13,1801304.09,1909299.19,2021
243,"Tacoma, WA",WA,108558.95,163423.85,364107.4,1460.7,637550.9,846695.28,364250.71,1210945.99,1683612.34,2021
244,"Port of Seattle, WA",WA,55115.0,111169.6,102711.0,17657.5,286653.1,653473.96,317600.31,971074.27,1128900.27,2021
245,"Jacksonville, FL",FL,117641.9,169300.35,518112.4,4169.45,809224.1,208748.1,113620.32,322368.42,958122.72,2021
246,"PortMiami, FL",FL,0.0,0.0,0.0,0.0,0.0,580571.4,339803.04,920374.44,920374.44,2021
247,"San Juan, PR",PR,455741.2,4666.05,162136.8,193253.05,815797.1,216484.34,61789.6,278273.94,896151.94,2021
248,"Honolulu, O'ahu, HI",HI,509163.55,152883.55,306062.85,133928.0,1102037.95,26179.56,21337.39,47516.95,862743.35,2021
249,"Baltimore, MD",MD,26483.0,0.0,18239.0,0.0,44722.0,486108.38,231060.82,717169.2,761891.2,2021
250,"Port Everglades, FL",FL,0.0,0.0,0.0,0.0,0.0,377499.63,349371.78,726871.41,726871.41,2021
251,"Philadelphia Regional Port Authority, PA",PA,17657.0,0.0,18589.0,0.0,36246.0,503739.72,122138.18,625877.9,662123.9,2021
252,"Mobile, AL",AL,0.0,0.0,0.0,0.0,0.0,269856.84,149576.02,419432.86,419432.86,2021
253,"Port of Alaska, AK",AK,314495.8,1287.7,99965.1,129127.45,544876.05,62.75,1137.5,1200.25,415661.15,2021
254,"Port of New Orleans, LA",LA,0.0,0.0,0.0,0.0,0.0,133755.16,243758.56,377513.72,377513.72,2021
255,"Wilmington, NC",NC,0.0,0.0,0.0,0.0,0.0,121727.96,129420.93,251148.89,251148.89,2021
256,"Wilmington, DE",DE,0.0,0.0,0.0,0.0,0.0,186510.15,12826.41,199336.56,199336.56,2021
257,"Port of Palm Beach District, FL",FL,0.0,0.0,0.0,0.0,0.0,25310.31,171233.3,196543.61,196543.61,2021
258,"South Jersey Port Corporation, NJ",NJ,44494.9,23952.7,54239.4,496.6,123183.6,66381.63,6226.69,72608.32,171342.62,2021
259,"Boston, MA",MA,0.0,0.0,0.0,0.0,0.0,99989.63,61172.42,161162.05,161162.05,2021
260,"Oxnard Harbor District, CA",CA,0.0,0.0,0.0,0.0,0.0,114204.72,26607.74,140812.46,140812.46,2021
261,"Port of Gulfport, MS",MS,0.0,0.0,0.0,0.0,0.0,84828.39,50058.37,134886.76,134886.76,2021
262,"Guaynabo, PR",PR,116610.6,0.0,0.0,0.0,116610.6,0.0,0.0,0.0,116610.6,2021
263,"Juneau, AK",AK,81814.0,13197.25,24243.5,39129.55,158384.3,0.0,0.0,0.0,106057.5,2021
264,"Tampa Port Authority, FL",FL,0.0,0.0,0.0,0.0,0.0,84686.79,15349.06,100035.85,100035.85,2021
265,"Ketchikan, AK",AK,22628.1,7931.9,67458.6,44683.0,142701.6,0.0,0.0,0.0,90086.7,2021
266,"Kahului, Maui, HI",HI,74073.95,2886.05,11453.4,56351.0,144764.4,1.0,0.0,1.0,85528.35,2021
267,"Kawaihae, Hawai'i, HI",HI,68937.25,1645.75,15547.15,46342.3,132472.45,0.0,0.0,0.0,84484.4,2021
268,"Port of Portland, OR",OR,0.0,0.0,0.0,0.0,0.0,49618.44,33577.13,83195.57,83195.57,2021
269,"San Diego Unified Port District, CA",CA,0.0,0.0,0.0,0.0,0.0,78376.4,4734.86,83111.26,83111.26,2021
270,"Petersburg, AK",AK,26342.8,9576.75,51306.9,24160.15,111386.6,0.0,0.0,0.0,77649.7,2021
271,"Manatee County Port Authority, FL",FL,0.0,0.0,0.0,0.0,0.0,69801.04,1074.29,70875.33,70875.33,2021
272,"Port Freeport, TX",TX,0.0,0.0,0.0,0.0,0.0,34553.89,28743.58,63297.47,63297.47,2021
273,"Unalaska Island, AK",AK,21378.0,13663.6,14886.4,11184.85,61112.85,113.0,26238.29,26351.29,62615.69,2021
274,"Port of Everett, WA",WA,0.0,0.0,0.0,0.0,0.0,32588.71,8632.53,41221.24,41221.24,2021
275,"Nawiliwili, Kaua'i, HI",HI,33949.65,1828.7,6667.95,25741.85,68188.15,0.0,0.0,0.0,40617.6,2021
276,"Hilo, Hawai'i, HI",HI,24855.1,3485.1,8914.95,14532.65,51787.8,0.0,0.0,0.0,33770.05,2021
277,"Whittier, AK",AK,29342.35,3649.3,3677.6,3821.65,40490.9,47.25,0.0,47.25,33067.2,2021
278,"Panama City Port Authority, FL",FL,0.0,0.0,0.0,0.0,0.0,26042.56,6366.53,32409.09,32409.09,2021
279,"Galveston, TX",TX,0.0,0.0,0.0,0.0,0.0,18241.2,10560.16,28801.36,28801.36,2021
280,"Port of Vancouver USA, WA",WA,0.0,24604.0,24438.0,0.0,49042.0,524.41,0.0,524.41,24962.41,2021
281,"Portland, ME",ME,0.0,0.0,0.0,0.0,0.0,18654.48,0.0,18654.48,18654.48,2021
282,"Kodiak, AK",AK,10144.2,2533.1,7542.35,5116.85,25336.5,0.0,296.0,296.0,17982.55,2021
283,"Haines Borough, AK",AK,8416.6,672.0,3391.95,2560.85,15041.4,0.0,0.0,0.0,11808.55,2021
284,"Skagway, AK",AK,8283.45,1857.6,1944.55,3223.7,15309.3,0.0,0.0,0.0,10228.0,2021
285,"Old Harbor, AK",AK,0.0,0.0,0.0,0.0,0.0,33.0,7181.04,7214.04,7214.04,2021
286,"Cordova, AK",AK,2018.3,2322.25,3501.05,880.55,8722.15,0.0,0.0,0.0,5519.35,2021
287,"Nome, AK",AK,3826.45,960.4,694.3,970.0,6451.15,0.0,0.0,0.0,4520.75,2021
288,"Kake, AK",AK,781.65,102.5,3657.2,1629.45,6170.8,0.0,0.0,0.0,4438.85,2021
289,"Wrangell, AK",AK,2330.9,341.45,2049.45,1352.05,6073.85,0.0,0.0,0.0,4380.35,2021
290,"False Pass, AK",AK,284.5,2189.5,3072.4,481.3,6027.7,0.0,0.0,0.0,3356.9,2021
291,"Yakutat, AK",AK,2498.0,289.8,513.65,1684.95,4986.4,0.0,0.0,0.0,3011.65,2021
292,"Kaumalapau, Lana'i, HI",HI,2184.8,235.75,604.5,1024.5,4049.55,0.0,0.0,0.0,2789.3,2021
293,"Dillingham, AK",AK,1670.8,631.8,724.1,491.1,3517.8,0.0,0.0,0.0,2394.9,2021
294,"Bethel, AK",AK,1383.65,273.85,570.75,424.85,2653.1,0.0,0.0,0.0,1954.4,2021
295,"Ocean Highway and Port Authority, FL",FL,0.0,0.0,0.0,0.0,0.0,623.25,1093.5,1716.75,1716.75,2021
296,"Hoonah, AK",AK,1116.2,274.0,232.95,319.95,1943.1,0.0,0.0,0.0,1349.15,2021
297,"Utqiagvik (Barrow), AK",AK,991.55,221.45,66.8,171.05,1450.85,0.0,0.0,0.0,1058.35,2021
298,"Valdez, AK",AK,11.2,482.4,1025.05,838.6,2357.25,0.0,0.0,0.0,1036.25,2021
299,"Cleveland-Cuyahoga County, OH",OH,0.0,0.0,0.0,0.0,0.0,976.01,0.0,976.01,976.01,2021
300,"Kaunakakai, Moloka'i, HI",HI,709.7,86.25,150.65,347.2,1293.8,0.0,0.0,0.0,860.35,2021
301,"Clallam County Port District, WA",WA,0.0,0.0,0.0,0.0,0.0,774.98,0.0,774.98,774.98,2021
302,"Canaveral Port District, FL",FL,0.0,0.0,0.0,0.0,0.0,533.19,237.25,770.44,770.44,2021
303,"San Francisco Port Commission, CA",CA,0.0,0.0,0.0,0.0,0.0,86.04,603.03,689.07,689.07,2021
304,"Bellingham, WA",WA,0.0,0.0,0.0,0.0,0.0,606.39,0.0,606.39,606.39,2021
305,"Corpus Christi, TX",TX,0.0,0.0,0.0,0.0,0.0,593.98,0.0,593.98,593.98,2021
306,"Texas City, TX",TX,0.0,0.0,0.0,0.0,0.0,373.74,202.52,576.26,576.26,2021
307,"Kivalina, AK",AK,129.6,37.2,166.15,816.6,1149.55,192.0,0.0,192.0,487.75,2021
308,"King Cove, AK",AK,123.0,0.0,179.0,0.0,302.0,0.0,0.0,0.0,302.0,2021
309,"Wainwright, AK",AK,117.6,12.8,181.8,101.25,413.45,0.0,0.0,0.0,299.4,2021
310,"Port of Longview, WA",WA,0.0,0.0,0.0,0.0,0.0,273.0,0.0,273.0,273.0,2021
311,"Port of Pensacola, FL",FL,0.0,0.0,0.0,0.0,0.0,211.01,0.0,211.01,211.01,2021
312,"Metlakatla, AK",AK,1.0,780.9,140.4,591.5,1513.8,0.0,0.0,0.0,141.4,2021
313,"Searsport, ME",ME,0.0,0.0,0.0,0.0,0.0,101.0,0.0,101.0,101.0,2021
314,"Port Arthur, TX",TX,0.0,0.0,0.0,0.0,0.0,84.88,0.99,85.87,85.87,2021
315,"Shishmaref, AK",AK,32.4,6.6,44.0,18.2,101.2,0.0,0.0,0.0,76.4,2021
316,"Fall River Port Authority, MA",MA,0.0,0.0,0.0,0.0,0.0,73.55,0.0,73.55,73.55,2021
317,"Point Hope, AK",AK,66.0,0.0,6.4,86.2,158.6,0.0,0.0,0.0,72.4,2021
318,"Port of South Louisiana, LA",LA,0.0,0.0,0.0,0.0,0.0,20.5,31.04,51.54,51.54,2021
319,"Port of Green Bay, WI",WI,0.0,0.0,0.0,0.0,0.0,35.05,0.0,35.05,35.05,2021
320,"Greater Lafourche Port Commission, LA",LA,0.0,0.0,0.0,0.0,0.0,32.0,0.0,32.0,32.0,2021
321,"Morehead City, NC",NC,0.0,0.0,0.0,0.0,0.0,20.0,11.0,31.0,31.0,2021
322,"Duluth-Superior, MN and WI",WI,0.0,0.0,0.0,0.0,0.0,29.95,0.0,29.95,29.95,2021
323,"Brevig Mission, AK",AK,0.0,0.0,27.8,9.0,36.8,0.0,0.0,0.0,27.8,2021
324,"Stockton Port District, CA",CA,0.0,0.0,0.0,0.0,0.0,24.0,0.0,24.0,24.0,2021
325,"Port Moller, AK",AK,23.2,12.8,0.0,34.0,70.0,0.0,0.0,0.0,23.2,2021
326,"Kaktovik, AK",AK,22.6,2.0,0.0,0.0,24.6,0.0,0.0,0.0,22.6,2021
327,"Beaumont, TX",TX,0.0,0.0,0.0,0.0,0.0,14.0,8.0,22.0,22.0,2021
328,"Rogers City, MI",MI,0.0,0.0,0.0,0.0,0.0,19.22,0.0,19.22,19.22,2021
329,"Richmond, CA",CA,0.0,0.0,0.0,0.0,0.0,16.0,0.0,16.0,16.0,2021
330,"Kalaeloa Barbers Point, O'ahu, HI",HI,0.0,0.0,0.0,0.0,0.0,12.25,0.0,12.25,12.25,2021
331,"Plaquemines Port, Harbor and Terminal District, LA",LA,0.0,0.0,0.0,0.0,0.0,10.0,0.0,10.0,10.0,2021
332,"Port of Brunswick, GA",GA,0.0,0.0,0.0,0.0,0.0,9.26,0.0,9.26,9.26,2021
333,"Lake Charles Harbor and Terminal District, LA",LA,0.0,0.0,0.0,0.0,0.0,9.25,0.0,9.25,9.25,2021
334,"Cheboygan, MI",MI,0.0,0.0,0.0,0.0,0.0,7.01,0.0,7.01,7.01,2021
335,"Richmond, VA",VA,0.0,0.0,0.0,0.0,0.0,7.0,0.0,7.0,7.0,2021
336,"Port of Providence, RI",RI,0.0,0.0,0.0,0.0,0.0,7.0,0.0,7.0,7.0,2021
337,"Illinois International Port District, IL",IL,0.0,0.0,0.0,0.0,0.0,5.75,0.0,5.75,5.75,2021
338,"Humboldt Bay Harbor, Recreation and Conservation District, CA",CA,0.0,0.0,0.0,0.0,0.0,4.0,0.0,4.0,4.0,2021
339,"Port Milwaukee, WI",WI,0.0,0.0,0.0,0.0,0.0,3.5,0.0,3.5,3.5,2021
340,"Yabucoa, PR",PR,0.0,0.0,0.0,0.0,0.0,2.0,0.0,2.0,2.0,2021
341,"Rochester, NY",NY,0.0,0.0,0.0,0.0,0.0,2.0,0.0,2.0,2.0,2021
342,"Oregon International Port of Coos Bay, OR",OR,0.0,0.0,0.0,0.0,0.0,2.0,0.0,2.0,2.0,2021
343,"Albany Port District, NY",NY,0.0,0.0,0.0,0.0,0.0,2.0,0.0,2.0,2.0,2021
344,"Port of Anacortes, WA",WA,0.0,0.0,0.0,0.0,0.0,2.0,0.0,2.0,2.0,2021
345,"Detroit/Wayne County Port Authority, MI",MI,0.0,0.0,0.0,0.0,0.0,1.76,0.0,1.76,1.76,2021
346,"Brownsville Navigation District of Cameron County, TX",TX,0.0,0.0,0.0,0.0,0.0,1.75,0.0,1.75,1.75,2021
347,"Port of Davisville, RI",RI,0.0,0.0,0.0,0.0,0.0,0.0,1.75,1.75,1.75,2021
348,"Port of Pascagoula, MS",MS,0.0,0.0,0.0,0.0,0.0,1.75,0.0,1.75,1.75,2021
349,"Ponce Port Authority, PR",PR,0.0,0.0,0.0,0.0,0.0,1.75,0.0,1.75,1.75,2021
350,"Port Huron, MI",MI,0.0,0.0,0.0,0.0,0.0,1.75,0.0,1.75,1.75,2021
351,"Buffalo, NY",NY,0.0,0.0,0.0,0.0,0.0,0.0,1.0,1.0,1.0,2021
352,"Homer, AK",AK,0.0,0.0,0.0,27.0,27.0,0.0,0.0,0.0,0.0,2021
353,"Port Authority of New York and New Jersey, NY & NJ","NY,NJ",28057.0,4707.75,28061.25,4707.75,65533.75,5352133.91,1252064.92,6604198.83,6660317.08,2022
354,"Port of Los Angeles, CA",CA,0.0,0.0,0.0,0.0,0.0,5231585.42,1192756.02,6424341.44,6424341.44,2022
355,"Port of Long Beach, CA",CA,39742.4,19589.2,319651.1,2001.0,380983.7,4675674.03,1056909.71,5732583.74,6091977.24,2022
356,"Port of Savannah, GA",GA,0.0,0.0,0.0,0.0,0.0,3012685.25,1317230.12,4329915.37,4329915.37,2022
357,"Port of Houston Authority of Harris County, TX",TX,804.0,0.0,0.0,567.0,1371.0,2034773.64,1216978.92,3251752.56,3252556.56,2022
358,"Port of Virginia, VA",VA,32131.75,9497.7,36388.25,1022.4,79040.1,1809971.1,983373.18,2793344.28,2861864.28,2022
359,"Port of Charleston, SC",SC,0.0,0.0,0.0,0.0,0.0,1491988.93,634282.2,2126271.13,2126271.13,2022
360,"Port of Oakland, CA",CA,18584.5,38692.75,85056.95,1867.0,144201.2,1032499.13,655035.36,1687534.49,1791175.94,2022
361,"Tacoma, WA",WA,109164.25,165111.25,369367.25,1687.25,645330.0,677678.9,362981.34,1040660.24,1519191.74,2022
362,"Port of Seattle, WA",WA,62605.85,109898.4,109206.3,15954.1,297664.65,705930.76,207408.28,913339.04,1085151.19,2022
363,"Jacksonville, FL",FL,90968.6,131737.65,501386.75,2746.9,726839.9,212192.85,98003.13,310195.98,902551.33,2022
364,"PortMiami, FL",FL,0.0,0.0,0.0,0.0,0.0,578156.18,310807.3,888963.48,888963.48,2022
365,"San Juan, PR",PR,429598.75,2095.75,129156.8,154851.6,715702.9,217324.03,55949.63,273273.66,832029.21,2022
366,"Honolulu, O'ahu, HI",HI,484984.65,157941.35,301732.35,122118.15,1066776.5,33885.65,8160.84,42046.49,828763.49,2022
367,"Baltimore, MD",MD,35993.0,774.4,23096.25,6309.5,66173.15,521729.16,210043.67,731772.83,790862.08,2022
368,"Port Everglades, FL",FL,0.0,0.0,0.0,0.0,0.0,406969.61,351520.82,758490.43,758490.43,2022
369,"Philadelphia Regional Port Authority, PA",PA,23165.5,6196.7,31805.75,9136.9,70304.85,535820.22,137708.22,673528.44,728499.69,2022
370,"Mobile, AL",AL,0.0,0.0,0.0,0.0,0.0,292962.13,147464.4,440426.53,440426.53,2022
371,"Port of Alaska, AK",AK,323565.0,1442.25,96139.0,135577.3,556723.55,49.25,0.0,49.25,419753.25,2022
372,"Port of New Orleans, LA",LA,135.0,213.0,804.0,0.0,1152.0,126819.6,224979.25,351798.85,352737.85,2022
373,"Wilmington, NC",NC,0.0,0.0,0.0,0.0,0.0,120995.54,116187.38,237182.92,237182.92,2022
374,"Wilmington, DE",DE,0.0,0.0,0.0,0.0,0.0,187541.34,16849.96,204391.3,204391.3,2022
375,"Oxnard Harbor District, CA",CA,0.0,0.0,0.0,0.0,0.0,135735.46,62093.26,197828.72,197828.72,2022
376,"South Jersey Port Corporation, NJ",NJ,38188.2,23113.95,48765.8,451.25,110519.2,70076.61,6063.18,76139.79,163093.79,2022
377,"Port of Gulfport, MS",MS,0.0,0.0,0.0,0.0,0.0,94142.75,57897.07,152039.82,152039.82,2022
378,"Port of Boston, MA",MA,0.0,0.0,0.0,0.0,0.0,97692.61,33014.19,130706.8,130706.8,2022
379,"Port of Palm Beach District, FL",FL,0.0,0.0,0.0,0.0,0.0,29042.08,93025.01,122067.09,122067.09,2022
380,"Guaynabo, PR",PR,120553.8,1102.4,0.0,0.0,121656.2,0.0,0.0,0.0,120553.8,2022
381,"Juneau, AK",AK,84781.7,11406.5,26617.85,38652.2,161458.25,3.54,0.0,3.54,111403.09,2022
382,"Port of Portland, OR",OR,0.0,0.0,0.0,0.0,0.0,79542.38,31040.87,110583.25,110583.25,2022
383,"Tampa Port Authority, FL",FL,0.0,0.0,0.0,0.0,0.0,92787.06,12909.54,105696.6,105696.6,2022
384,"Ketchikan, AK",AK,23723.25,9359.15,70639.5,43940.4,147662.3,3.5,0.0,3.5,94366.25,2022
385,"Manatee County Port Authority, FL",FL,0.0,0.0,0.0,0.0,0.0,84099.57,8216.0,92315.57,92315.57,2022
386,"San Diego Unified Port District, CA",CA,0.0,0.0,0.0,0.0,0.0,79417.49,9864.05,89281.54,89281.54,2022
387,"Kahului, Maui, HI",HI,77421.3,3170.9,10977.55,58615.35,150185.1,2.0,0.0,2.0,88400.85,2022
388,"Petersburg, AK",AK,26971.6,10731.85,55735.35,25143.85,118582.65,0.0,0.0,0.0,82706.95,2022
389,"Kawaihae, Hawai'i, HI",HI,65233.55,1765.6,13741.75,47794.65,128535.55,0.0,0.0,0.0,78975.3,2022
390,"Unalaska Island, AK",AK,20502.55,15832.0,17093.6,12825.8,66253.95,161.75,29503.47,29665.22,67261.37,2022
391,"Port Freeport, TX",TX,0.0,0.0,0.0,0.0,0.0,42707.57,18724.86,61432.43,61432.43,2022
392,"Nawiliwili, Kaua'i, HI",HI,35181.9,1607.1,6515.2,28013.55,71317.75,0.0,0.0,0.0,41697.1,2022
393,"Port of Everett, WA",WA,0.0,0.0,0.0,0.0,0.0,35507.43,1318.06,36825.49,36825.49,2022
394,"Hilo, Hawai'i, HI",HI,25473.05,5134.5,10857.55,12498.55,53963.65,0.0,0.0,0.0,36330.6,2022
395,"Whittier, AK",AK,28735.85,3967.9,2106.8,2139.25,36949.8,0.0,0.0,0.0,30842.65,2022
396,"Panama City Port Authority, FL",FL,0.0,0.0,0.0,0.0,0.0,24399.7,6251.19,30650.89,30650.89,2022
397,"Galveston, TX",TX,0.0,0.0,0.0,0.0,0.0,19234.56,6948.27,26182.83,26182.83,2022
398,"Port of Vancouver USA, WA",WA,0.0,23660.0,23790.0,0.0,47450.0,626.88,282.8,909.68,24699.68,2022
399,"Portland, ME",ME,0.0,0.0,0.0,0.0,0.0,20428.56,0.0,20428.56,20428.56,2022
400,"Kodiak, AK",AK,8893.95,4087.95,7950.6,4029.6,24962.1,0.0,78.25,78.25,16922.8,2022
401,"Haines Borough, AK",AK,8956.7,865.8,3492.7,2638.9,15954.1,0.0,0.0,0.0,12449.4,2022
402,"Skagway, AK",AK,9004.95,1972.3,2389.75,3201.05,16568.05,0.0,0.0,0.0,11394.7,2022
403,"Cleveland-Cuyahoga County, OH",OH,0.0,0.0,0.0,0.0,0.0,4642.43,429.0,5071.43,5071.43,2022
404,"Kake, AK",AK,742.1,84.2,3936.35,1732.4,6495.05,0.0,0.0,0.0,4678.45,2022
405,"Wrangell, AK",AK,2909.9,316.2,1639.35,1459.25,6324.7,0.0,0.0,0.0,4549.25,2022
406,"Cordova, AK",AK,1715.75,1132.55,2121.95,1279.7,6249.95,0.0,0.0,0.0,3837.7,2022
407,"Canaveral Port District, FL",FL,0.0,0.0,0.0,0.0,0.0,2118.47,1682.89,3801.36,3801.36,2022
408,"Nome, AK",AK,3292.55,504.2,342.4,280.4,4419.55,0.0,0.0,0.0,3634.95,2022
409,"Kaumalapau, Lana'i, HI",HI,2929.15,145.05,314.35,1427.5,4816.05,0.0,0.0,0.0,3243.5,2022
410,"Illinois International Port District, IL",IL,0.0,0.0,0.0,0.0,0.0,3108.2,21.0,3129.2,3129.2,2022
411,"Yakutat, AK",AK,2548.0,635.8,464.6,1822.8,5471.2,0.0,0.0,0.0,3012.6,2022
412,"Calhoun Port Authority, TX",TX,0.0,0.0,0.0,0.0,0.0,1851.97,1088.51,2940.48,2940.48,2022
413,"Port of Longview, WA",WA,0.0,0.0,0.0,0.0,0.0,2811.02,20.0,2831.02,2831.02,2022
414,"False Pass, AK",AK,377.6,2251.75,2310.7,698.5,5638.55,0.0,0.0,0.0,2688.3,2022
415,"Dillingham, AK",AK,1969.3,569.4,575.15,1257.05,4370.9,0.0,0.0,0.0,2544.45,2022
416,"Bethel, AK",AK,2385.15,553.2,65.75,370.9,3375.0,0.0,0.0,0.0,2450.9,2022
417,"Clallam County Port District, WA",WA,0.0,0.0,0.0,0.0,0.0,2421.73,0.0,2421.73,2421.73,2022
418,"Old Harbor, AK",AK,0.0,0.0,0.0,0.0,0.0,22.0,1651.0,1673.0,1673.0,2022
419,"Kaunakakai, Moloka'i, HI",HI,1139.95,231.2,334.2,628.7,2334.05,0.0,0.0,0.0,1474.15,2022
420,"Hoonah, AK",AK,1246.55,327.4,212.7,436.0,2222.65,0.0,0.0,0.0,1459.25,2022
421,"Port of South Louisiana, LA",LA,0.0,0.0,0.0,0.0,0.0,104.18,1172.76,1276.94,1276.94,2022
422,"Texas City, TX",TX,0.0,0.0,0.0,0.0,0.0,753.51,0.0,753.51,753.51,2022
423,"Valdez, AK",AK,2.0,0.0,578.45,383.1,963.55,30.25,0.0,30.25,610.7,2022
424,"Detroit/Wayne County Port Authority, MI",MI,0.0,0.0,0.0,0.0,0.0,581.06,1.0,582.06,582.06,2022
425,"Duluth-Superior, MN and WI",WI,0.0,0.0,0.0,0.0,0.0,322.88,194.0,516.88,516.88,2022
426,"Seward, AK",AK,460.2,0.0,0.0,403.0,863.2,0.0,0.0,0.0,460.2,2022
427,"Jefferson County Port District, WA",WA,0.0,0.0,0.0,0.0,0.0,225.95,132.68,358.63,358.63,2022
428,"Ocean Highway and Port Authority, FL",FL,0.0,0.0,0.0,0.0,0.0,253.5,0.0,253.5,253.5,2022
429,"Port of Pensacola, FL",FL,0.0,0.0,0.0,0.0,0.0,238.77,1.76,240.53,240.53,2022
430,"Port of Greater Baton Rouge, LA",LA,0.0,354.0,135.0,0.0,489.0,1.75,28.0,29.75,164.75,2022
431,"Bellingham, WA",WA,0.0,0.0,0.0,0.0,0.0,0.0,153.49,153.49,153.49,2022
432,"Kivalina, AK",AK,48.1,63.0,86.1,995.8,1193.0,0.0,0.0,0.0,134.2,2022
433,"Corpus Christi, TX",TX,0.0,0.0,0.0,0.0,0.0,127.29,2.0,129.29,129.29,2022
434,"Guayanilla, PR",PR,0.0,0.0,0.0,0.0,0.0,0.0,125.0,125.0,125.0,2022
435,"San Francisco Port Commission, CA",CA,0.0,0.0,0.0,0.0,0.0,94.76,0.0,94.76,94.76,2022
436,"Stockton Port District, CA",CA,0.0,0.0,0.0,0.0,0.0,74.0,0.0,74.0,74.0,2022
437,"Fall River Port Authority, MA",MA,0.0,0.0,0.0,0.0,0.0,73.53,0.0,73.53,73.53,2022
438,"Metlakatla, AK",AK,1.0,703.2,65.4,605.0,1374.6,0.0,0.0,0.0,66.4,2022
439,"Port Moller, AK",AK,49.2,11.3,0.0,59.5,120.0,0.0,0.0,0.0,49.2,2022
440,"Morehead City, NC",NC,0.0,0.0,0.0,0.0,0.0,24.23,12.0,36.23,36.23,2022
441,"New Bedford Port Authority, MA",MA,0.0,0.0,0.0,0.0,0.0,35.01,0.0,35.01,35.01,2022
442,"Hooper Bay, AK",AK,27.35,13.6,0.0,0.0,40.95,0.0,0.0,0.0,27.35,2022
443,"Port of Green Bay, WI",WI,0.0,0.0,0.0,0.0,0.0,26.27,0.0,26.27,26.27,2022
444,"Port Arthur, TX",TX,0.0,0.0,0.0,0.0,0.0,20.99,0.0,20.99,20.99,2022
445,"Cheboygan, MI",MI,0.0,0.0,0.0,0.0,0.0,19.27,0.0,19.27,19.27,2022
446,"Shishmaref, AK",AK,18.8,0.0,0.0,0.0,18.8,0.0,0.0,0.0,18.8,2022
447,"Plaquemines Port, Harbor and Terminal District, LA",LA,0.0,0.0,0.0,0.0,0.0,0.0,18.0,18.0,18.0,2022
448,"Utqiagvik (Barrow), AK",AK,16.4,0.0,0.0,0.0,16.4,0.0,0.0,0.0,16.4,2022
449,"Wainwright, AK",AK,16.0,6.0,0.0,0.0,22.0,0.0,0.0,0.0,16.0,2022
450,"Port of Pascagoula, MS",MS,0.0,0.0,0.0,0.0,0.0,14.35,0.0,14.35,14.35,2022
451,"Rogers City, MI",MI,0.0,0.0,0.0,0.0,0.0,14.02,0.0,14.02,14.02,2022
452,"Beaumont, TX",TX,0.0,0.0,0.0,0.0,0.0,3.75,10.0,13.75,13.75,2022
453,"Brevig Mission, AK",AK,7.5,0.0,6.0,27.0,40.5,0.0,0.0,0.0,13.5,2022
454,"Lake Charles Harbor and Terminal District, LA",LA,0.0,0.0,0.0,0.0,0.0,0.0,12.0,12.0,12.0,2022
455,"Port Huron, MI",MI,0.0,0.0,0.0,0.0,0.0,9.27,0.0,9.27,9.27,2022
456,"Buffalo, NY",NY,0.0,0.0,0.0,0.0,0.0,6.0,0.0,6.0,6.0,2022
457,"Richmond, VA",VA,0.0,0.0,0.0,0.0,0.0,6.0,0.0,6.0,6.0,2022
458,"Port Milwaukee, WI",WI,0.0,0.0,0.0,0.0,0.0,6.0,0.0,6.0,6.0,2022
459,"DeTour, MI",MI,0.0,0.0,0.0,0.0,0.0,5.75,0.0,5.75,5.75,2022
460,"Port of Providence, RI",RI,0.0,0.0,0.0,0.0,0.0,3.5,0.0,3.5,3.5,2022
461,"Sault Ste Marie, MI",MI,0.0,0.0,0.0,0.0,0.0,1.75,0.0,1.75,1.75,2022
462,"Rochester, NY",NY,0.0,0.0,0.0,0.0,0.0,1.0,0.0,1.0,1.0,2022
463,Aberdeen,,,,,,,,,,4137.724,2018
464,Belfast,,,,,,,,,,18938.606,2018
465,Boston,,,,,,,,,,711.29,2018
466,Bristol,,,,,,,,,,8446.168,2018
467,Cairnryan,,,,,,,,,,2856.8669999999997,2018
468,Cardiff,,,,,,,,,,1769.8619999999999,2018
469,Clyde,,,,,,,,,,9086.56,2018
470,Cromarty Firth ,,,,,,,,,,274.689,2018
471,Dover,,,,,,,,,,24942.518,2018
472,Dundee,,,,,,,,,,607.554,2018
473,Felixstowe,,,,,,,,,,28267.574,2018
474,Fishguard,,,,,,,,,,442.525,2018
475,Fleetwood ,,,,,,,,,,0.0,2018
476,Forth,,,,,,,,,,26587.368000000002,2018
477,Fowey,,,,,,,,,,448.969,2018
478,Glensanda,,,,,,,,,,5942.577000000001,2018
479,Goole ,,,,,,,,,,1459.579,2018
480,Great Yarmouth,,,,,,,,,,1181.518,2018
481,Grimsby and Immingham,,,,,,,,,,55616.97899999999,2018
482,Harwich,,,,,,,,,,4196.095,2018
483,Heysham,,,,,,,,,,4703.012,2018
484,Holyhead,,,,,,,,,,5221.951,2018
485,Hull,,,,,,,,,,9752.07,2018
486,Ipswich,,,,,,,,,,2071.29,2018
487,Kilroot Power Station Jetty,,,,,,,,,,579.359,2018
488,Larne,,,,,,,,,,2902.2129999999997,2018
489,Liverpool,,,,,,,,,,32612.655,2018
490,Loch Ryan,,,,,,,,,,2545.898,2018
491,London,,,,,,,,,,53196.045,2018
492,Londonderry,,,,,,,,,,1854.0449999999998,2018
493,Manchester,,,,,,,,,,6789.4800000000005,2018
494,Medway,,,,,,,,,,10204.775,2018
495,Milford Haven,,,,,,,,,,30935.472,2018
496,Newhaven,,,,,,,,,,688.775,2018
497,Newport,,,,,,,,,,2819.263,2018
498,Orkney,,,,,,,,,,3469.952,2018
499,Peterhead,,,,,,,,,,1131.23,2018
500,Plymouth,,,,,,,,,,2441.126,2018
501,Poole ,,,,,,,,,,832.249,2018
502,Port Talbot,,,,,,,,,,6634.654,2018
503,Portsmouth,,,,,,,,,,3488.311,2018
504,Ramsgate ,,,,,,,,,,84.304,2018
505,River Trent,,,,,,,,,,1108.7240000000002,2018
506,Rivers Hull and Humber ,,,,,,,,,,10068.719,2018
507,Shoreham,,,,,,,,,,2123.904,2018
508,Southampton,,,,,,,,,,34468.35,2018
509,Stranraer ,,,,,,,,,,0.0,2018
510,Sullom Voe ,,,,,,,,,,5328.931,2018
511,Sunderland,,,,,,,,,,869.7139999999999,2018
512,Swansea,,,,,,,,,,528.471,2018
513,Tees and Hartlepool,,,,,,,,,,28835.926,2018
514,Tyne,,,,,,,,,,4403.876,2018
515,Warrenpoint,,,,,,,,,,3446.181,2018
516,Aberdeen,,,,,,,,,,4194.505,2019
517,Belfast,,,,,,,,,,18517.506999999998,2019
518,Boston,,,,,,,,,,821.498,2019
519,Bristol,,,,,,,,,,8189.825,2019
520,Cairnryan,,,,,,,,,,2704.839,2019
521,Cardiff,,,,,,,,,,1697.008,2019
522,Clyde,,,,,,,,,,8800.773000000001,2019
523,Cromarty Firth ,,,,,,,,,,929.056,2019
524,Dover,,,,,,,,,,23432.613,2019
525,Dundee,,,,,,,,,,503.44999999999993,2019
526,Felixstowe,,,,,,,,,,25344.149,2019
527,Fishguard,,,,,,,,,,505.389,2019
528,Fleetwood ,,,,,,,,,,0.0,2019
529,Forth,,,,,,,,,,25220.923000000003,2019
530,Fowey,,,,,,,,,,346.04200000000003,2019
531,Glensanda,,,,,,,,,,6646.028,2019
532,Goole ,,,,,,,,,,1242.431,2019
533,Great Yarmouth,,,,,,,,,,1286.381,2019
534,Grimsby and Immingham,,,,,,,,,,51245.356,2019
535,Harwich,,,,,,,,,,4273.06,2019
536,Heysham,,,,,,,,,,4536.437,2019
537,Holyhead,,,,,,,,,,5326.104,2019
538,Hull,,,,,,,,,,9197.309,2019
539,Ipswich,,,,,,,,,,2364.802,2019
540,Kilroot Power Station Jetty,,,,,,,,,,500.899,2019
541,Larne,,,,,,,,,,2766.842,2019
542,Liverpool,,,,,,,,,,34314.657,2019
543,Loch Ryan,,,,,,,,,,2649.7479999999996,2019
544,London,,,,,,,,,,54034.732,2019
545,Londonderry,,,,,,,,,,1908.621,2019
546,Manchester,,,,,,,,,,7307.189,2019
547,Medway,,,,,,,,,,13140.758,2019
548,Milford Haven,,,,,,,,,,34951.297999999995,2019
549,Newhaven,,,,,,,,,,778.4830000000001,2019
550,Newport,,,,,,,,,,2587.609,2019
551,Orkney,,,,,,,,,,3050.037,2019
552,Peterhead,,,,,,,,,,1089.8319999999999,2019
553,Plymouth,,,,,,,,,,2430.5829999999996,2019
554,Poole ,,,,,,,,,,811.897,2019
555,Port Talbot,,,,,,,,,,6713.189,2019
556,Portsmouth,,,,,,,,,,3620.669,2019
557,Ramsgate ,,,,,,,,,,95.83700000000002,2019
558,River Trent,,,,,,,,,,1046.828,2019
559,Rivers Hull and Humber ,,,,,,,,,,10698.515,2019
560,Shoreham,,,,,,,,,,1992.078,2019
561,Southampton,,,,,,,,,,33150.805,2019
562,Stranraer ,,,,,,,,,,0.0,2019
563,Sullom Voe ,,,,,,,,,,7371.229,2019
564,Sunderland,,,,,,,,,,788.492,2019
565,Swansea,,,,,,,,,,455.322,2019
566,Tees and Hartlepool,,,,,,,,,,28156.293999999998,2019
567,Tyne,,,,,,,,,,4680.892,2019
568,Warrenpoint,,,,,,,,,,3320.524,2019
569,Aberdeen,,,,,,,,,,3386.531,2020
570,Belfast,,,,,,,,,,18578.288,2020
571,Boston,,,,,,,,,,761.216,2020
572,Bristol,,,,,,,,,,6478.814,2020
573,Cairnryan,,,,,,,,,,2695.0660000000003,2020
574,Cardiff,,,,,,,,,,1333.421,2020
575,Clyde,,,,,,,,,,6933.262000000001,2020
576,Cromarty Firth ,,,,,,,,,,421.395,2020
577,Dover,,,,,,,,,,21888.894,2020
578,Dundee,,,,,,,,,,430.4889999999999,2020
579,Felixstowe,,,,,,,,,,23080.939000000002,2020
580,Fishguard,,,,,,,,,,415.238,2020
581,Fleetwood ,,,,,,,,,,0.0,2020
582,Forth,,,,,,,,,,23031.84,2020
583,Fowey,,,,,,,,,,239.32100000000003,2020
584,Glensanda,,,,,,,,,,5458.257,2020
585,Goole ,,,,,,,,,,1043.592,2020
586,Great Yarmouth,,,,,,,,,,1242.6929999999998,2020
587,Grimsby and Immingham,,,,,,,,,,45611.181,2020
588,Harwich,,,,,,,,,,4087.6090000000004,2020
589,Heysham,,,,,,,,,,4067.224,2020
590,Holyhead,,,,,,,,,,5858.409,2020
591,Hull,,,,,,,,,,9207.842,2020
592,Ipswich,,,,,,,,,,2237.018,2020
593,Kilroot Power Station Jetty,,,,,,,,,,502.82500000000005,2020
594,Larne,,,,,,,,,,2727.452,2020
595,Liverpool,,,,,,,,,,31060.103,2020
596,Loch Ryan,,,,,,,,,,2615.5860000000002,2020
597,London,,,,,,,,,,47357.789,2020
598,Londonderry,,,,,,,,,,1760.107,2020
599,Manchester,,,,,,,,,,7112.2570000000005,2020
600,Medway,,,,,,,,,,9693.607,2020
601,Milford Haven,,,,,,,,,,33583.298,2020
602,Newhaven,,,,,,,,,,865.0150000000001,2020
603,Newport,,,,,,,,,,2328.821,2020
604,Orkney,,,,,,,,,,2669.563,2020
605,Peterhead,,,,,,,,,,975.818,2020
606,Plymouth,,,,,,,,,,1934.7549999999999,2020
607,Poole ,,,,,,,,,,499.415,2020
608,Port Talbot,,,,,,,,,,6675.592,2020
609,Portsmouth,,,,,,,,,,3154.0040000000004,2020
610,Ramsgate ,,,,,,,,,,69.321,2020
611,River Trent,,,,,,,,,,711.587,2020
612,Rivers Hull and Humber ,,,,,,,,,,10480.678000000002,2020
613,Shoreham,,,,,,,,,,1796.462,2020
614,Southampton,,,,,,,,,,27576.652000000002,2020
615,Stranraer ,,,,,,,,,,0.0,2020
616,Sullom Voe ,,,,,,,,,,6829.246,2020
617,Sunderland,,,,,,,,,,784.7710000000001,2020
618,Swansea,,,,,,,,,,430.14300000000003,2020
619,Tees and Hartlepool,,,,,,,,,,29256.448,2020
620,Tyne,,,,,,,,,,3854.8089999999997,2020
621,Warrenpoint,,,,,,,,,,3199.101,2020
622,Aberdeen,,,,,,,,,,3563.118,2021
623,Belfast,,,,,,,,,,19866.525,2021
624,Boston,,,,,,,,,,841.596,2021
625,Bristol,,,,,,,,,,7030.682000000001,2021
626,Cairnryan,,,,,,,,,,3129.025,2021
627,Cardiff,,,,,,,,,,1572.64,2021
628,Clyde,,,,,,,,,,8409.462,2021
629,Cromarty Firth ,,,,,,,,,,423.922,2021
630,Dover,,,,,,,,,,19873.849000000002,2021
631,Dundee,,,,,,,,,,451.53999999999996,2021
632,Felixstowe,,,,,,,,,,21469.378,2021
633,Fishguard,,,,,,,,,,207.065,2021
634,Fleetwood ,,,,,,,,,,0.0,2021
635,Forth,,,,,,,,,,19777.407,2021
636,Fowey,,,,,,,,,,388.119,2021
637,Glensanda,,,,,,,,,,6122.736999999999,2021
638,Goole ,,,,,,,,,,1227.923,2021
639,Great Yarmouth,,,,,,,,,,1445.285,2021
640,Grimsby and Immingham,,,,,,,,,,50027.22499999999,2021
641,Harwich,,,,,,,,,,4571.983,2021
642,Heysham,,,,,,,,,,4909.128,2021
643,Holyhead,,,,,,,,,,3757.445,2021
644,Hull,,,,,,,,,,9395.59,2021
645,Ipswich,,,,,,,,,,2312.355,2021
646,Kilroot Power Station Jetty,,,,,,,,,,494.351,2021
647,Larne,,,,,,,,,,3192.1449999999995,2021
648,Liverpool,,,,,,,,,,34454.337,2021
649,Loch Ryan,,,,,,,,,,2728.5190000000002,2021
650,London,,,,,,,,,,51772.780999999995,2021
651,Londonderry,,,,,,,,,,1830.773,2021
652,Manchester,,,,,,,,,,7354.065,2021
653,Medway,,,,,,,,,,9879.306999999999,2021
654,Milford Haven,,,,,,,,,,30321.873,2021
655,Newhaven,,,,,,,,,,986.2439999999999,2021
656,Newport,,,,,,,,,,2768.947,2021
657,Orkney,,,,,,,,,,2778.1200000000003,2021
658,Peterhead,,,,,,,,,,965.98,2021
659,Plymouth,,,,,,,,,,2317.1040000000003,2021
660,Poole ,,,,,,,,,,531.549,2021
661,Port Talbot,,,,,,,,,,7405.728000000001,2021
662,Portsmouth,,,,,,,,,,2981.516,2021
663,Ramsgate ,,,,,,,,,,41.501,2021
664,River Trent,,,,,,,,,,867.198,2021
665,Rivers Hull and Humber ,,,,,,,,,,9561.771999999999,2021
666,Shoreham,,,,,,,,,,1816.4850000000001,2021
667,Southampton,,,,,,,,,,27597.941,2021
668,Stranraer ,,,,,,,,,,0.0,2021
669,Sullom Voe ,,,,,,,,,,6194.407999999999,2021
670,Sunderland,,,,,,,,,,953.481,2021
671,Swansea,,,,,,,,,,399.241,2021
672,Tees and Hartlepool,,,,,,,,,,26831.135000000002,2021
673,Tyne,,,,,,,,,,3972.316,2021
674,Warrenpoint,,,,,,,,,,3612.913,2021
675,Aberdeen,,,,,,,,,,3403.934,2022
676,Belfast,,,,,,,,,,18371.986,2022
677,Boston,,,,,,,,,,650.044,2022
678,Bristol,,,,,,,,,,8528.099,2022
679,Cairnryan,,,,,,,,,,3663.294,2022
680,Cardiff,,,,,,,,,,1317.0919999999999,2022
681,Clyde,,,,,,,,,,9812.491,2022
682,Cromarty Firth ,,,,,,,,,,483.104,2022
683,Dover,,,,,,,,,,18369.291999999998,2022
684,Dundee,,,,,,,,,,534.918,2022
685,Felixstowe,,,,,,,,,,22197.261,2022
686,Fishguard,,,,,,,,,,242.45799999999997,2022
687,Fleetwood ,,,,,,,,,,0.0,2022
688,Forth,,,,,,,,,,20528.99,2022
689,Fowey,,,,,,,,,,352.618,2022
690,Glensanda,,,,,,,,,,6041.0470000000005,2022
691,Goole ,,,,,,,,,,1157.896,2022
692,Great Yarmouth,,,,,,,,,,1687.2730000000001,2022
693,Grimsby and Immingham,,,,,,,,,,50166.01,2022
694,Harwich,,,,,,,,,,4381.98,2022
695,Heysham,,,,,,,,,,5101.027,2022
696,Holyhead,,,,,,,,,,4099.535,2022
697,Hull,,,,,,,,,,8805.462,2022
698,Ipswich,,,,,,,,,,2687.937,2022
699,Kilroot Power Station Jetty,,,,,,,,,,410.63199999999995,2022
700,Larne,,,,,,,,,,3690.791,2022
701,Liverpool,,,,,,,,,,33621.778,2022
702,Loch Ryan,,,,,,,,,,2749.2110000000002,2022
703,London,,,,,,,,,,54880.006,2022
704,Londonderry,,,,,,,,,,1889.24,2022
705,Manchester,,,,,,,,,,6215.188,2022
706,Medway,,,,,,,,,,13372.713000000002,2022
707,Milford Haven,,,,,,,,,,38902.063,2022
708,Newhaven,,,,,,,,,,1139.6109999999999,2022
709,Newport,,,,,,,,,,2561.02,2022
710,Orkney,,,,,,,,,,2221.584,2022
711,Peterhead,,,,,,,,,,776.2049999999999,2022
712,Plymouth,,,,,,,,,,1983.033,2022
713,Poole ,,,,,,,,,,582.8140000000001,2022
714,Port Talbot,,,,,,,,,,5979.85,2022
715,Portsmouth,,,,,,,,,,2913.7339999999995,2022
716,Ramsgate ,,,,,,,,,,42.885999999999996,2022
717,River Trent,,,,,,,,,,906.2169999999999,2022
718,Rivers Hull and Humber ,,,,,,,,,,10957.36,2022
719,Shoreham,,,,,,,,,,1567.152,2022
720,Southampton,,,,,,,,,,31277.572,2022
721,Stranraer ,,,,,,,,,,0.0,2022
722,Sullom Voe ,,,,,,,,,,5629.336,2022
723,Sunderland,,,,,,,,,,720.232,2022
724,Swansea,,,,,,,,,,327.048,2022
725,Tees and Hartlepool,,,,,,,,,,25377.762,2022
726,Tyne,,,,,,,,,,3132.097,2022
727,Warrenpoint,,,,,,,,,,3239.924,2022
728,Aberdeen,,,,,,,,,,3597.3689999999997,2023
729,Belfast,,,,,,,,,,18437.152000000002,2023
730,Boston,,,,,,,,,,740.183,2023
731,Bristol,,,,,,,,,,8537.451,2023
732,Cairnryan,,,,,,,,,,3833.84,2023
733,Cardiff,,,,,,,,,,1105.615,2023
734,Clyde,,,,,,,,,,8594.164,2023
735,Cromarty Firth ,,,,,,,,,,338.7,2023
736,Dover,,,,,,,,,,19225.412,2023
737,Dundee,,,,,,,,,,463.871,2023
738,Felixstowe,,,,,,,,,,22525.977,2023
739,Fishguard,,,,,,,,,,324.598,2023
740,Fleetwood ,,,,,,,,,,0.0,2023
741,Forth,,,,,,,,,,18520.98,2023
742,Fowey,,,,,,,,,,225.10799999999998,2023
743,Glensanda,,,,,,,,,,5827.404,2023
744,Goole ,,,,,,,,,,900.374,2023
745,Great Yarmouth,,,,,,,,,,1866.691,2023
746,Grimsby and Immingham,,,,,,,,,,45970.782999999996,2023
747,Harwich,,,,,,,,,,4234.59,2023
748,Heysham,,,,,,,,,,5282.942,2023
749,Holyhead,,,,,,,,,,4781.2699999999995,2023
750,Hull,,,,,,,,,,8167.108000000001,2023
751,Ipswich,,,,,,,,,,2330.326,2023
752,Kilroot Power Station Jetty,,,,,,,,,,134.131,2023
753,Larne,,,,,,,,,,3858.241,2023
754,Liverpool,,,,,,,,,,28550.922000000002,2023
755,Loch Ryan,,,,,,,,,,2677.397,2023
756,London,,,,,,,,,,51595.408,2023
757,Londonderry,,,,,,,,,,1820.625,2023
758,Manchester,,,,,,,,,,5654.07,2023
759,Medway,,,,,,,,,,13598.968,2023
760,Milford Haven,,,,,,,,,,34681.255999999994,2023
761,Newhaven,,,,,,,,,,1079.849,2023
762,Newport,,,,,,,,,,2274.328,2023
763,Orkney,,,,,,,,,,1688.9140000000002,2023
764,Peterhead,,,,,,,,,,741.595,2023
765,Plymouth,,,,,,,,,,2045.3580000000002,2023
766,Poole ,,,,,,,,,,619.23,2023
767,Port Talbot,,,,,,,,,,6718.173,2023
768,Portsmouth,,,,,,,,,,2869.7129999999997,2023
769,Ramsgate ,,,,,,,,,,53.949000000000005,2023
770,River Trent,,,,,,,,,,813.802,2023
771,Rivers Hull and Humber ,,,,,,,,,,10403.473,2023
772,Shoreham,,,,,,,,,,1508.6490000000001,2023
773,Southampton,,,,,,,,,,30615.823,2023
774,Stranraer ,,,,,,,,,,0.0,2023
775,Sullom Voe ,,,,,,,,,,5354.717000000001,2023
776,Sunderland,,,,,,,,,,636.511,2023
777,Swansea,,,,,,,,,,260.572,2023
778,Tees and Hartlepool,,,,,,,,,,24021.11,2023
779,Tyne,,,,,,,,,,2599.082,2023
780,Warrenpoint,,,,,,,,,,3150.727,2023
